uid,body,title,url,newspaper_uid,host,n_tokens_title,n_tokens_body
3a2a1f6ceb7d0c592fa48c5d85636193,"El puerto natural de Mahón tiene cuatro islas. En una de ellas desembarcó Alfonso III de Aragón en su conquista de Menorca en el siglo XIII, por lo que recibió el nombre de la Isla del Rey. Los ingleses levantaron allí un hospital militar en el siglo XVIII que posteriormente cayó en el olvido hasta que hace década y media un grupo de menorquines voluntarios llamó la atención sobre su abandono y empezó a regenerar la isla. Los galeristas suizos Manuela e Iwan Wirth se fijaron en ella y hoy este enclave privilegiado se ha reconvertido en un refugio del arte contemporáneo que se abre al público a partir del próximo lunes con la impactante obra abstracta del afroamericano Mark Bradford como su primera bandera.",La Isla del Rey de Mahón se abre al público como refugio sostenible del arte contemporáneo,https://elpais.com/cultura/2021-07-15/la-isla-del-rey-de-mahon-se-abre-al-publico-como-refugio-sostenible-del-arte-contemporaneo.html,elpais,elpais.com,9,65
4ce21785a2989533eccf948f55993f06,"“En África, un anciano que muere es una biblioteca que se quema”. Es la cita que aparece, superpuesta a un árbol imponente, casi al comienzo de Fad’jal, largometraje documental de 1979 dirigido por Safi Faye. Instantes antes, unos niños en la escuela han recitado unas líneas aprendidas de memoria sobre la vida de Luis XIV, el antiguo rey del país del que han sido colonia. A simple vista se comprenden el sinsentido de ese aprendizaje memorístico sobre un hombre que a tal distancia parece un personaje imaginario y el tajo enorme que hay entre lo que se aprende en el colegio y la realidad de la comunidad en la que viven esos niños. Lo que sigue es el retrato de la vida cotidiana, el trabajo en el campo, cómo se ara, cómo se riega, cómo se apacienta a los animales y más tarde se los desuella en el matadero, cómo se tejen cestos de palma o cómo se muele el grano.",Lugares sagrados del cine africano,https://elpais.com/babelia/2021-07-14/lugares-sagrados-del-cine-africano.html,elpais,elpais.com,4,78
0967aba22136b285d9b1f2be904a56f4,"A criminal mastermind who nobody knows, a presidential security team that survived an attack by nearly 30 armed men without a scratch, Colombian hitmen who shared photos of themselves in tourist destinations on social media just days before their operation and alleged links to opposition groups in Venezuela. There are far more inconsistencies than certainties when it comes to the murder of Haiti’s president, Jovenel Moïse, who was tortured and shot dead in his home in Port-au-Prince on July 7. These are some of the questions that remain unanswered.","Absent guards, sight-seeing killers and an obscure mastermind: Haiti probe yields more questions than answers",https://english.elpais.com/usa/2021-07-14/absent-guards-sight-seeing-killers-and-an-obscure-mastermind-haiti-probe-yields-more-questions-than-answers.html,elpais,english.elpais.com,14,84
c831a9906dede37adfe77a418204e3f4,"En los meses de encierro de la pandemia a principios del año pasado, mientras muchos aprendían a hacer pan en casa, un periodista de Sinaloa pasaba sus noches llamando a una cárcel privada en Carolina del Norte buscando allí a un paisano mexicano. “¿Cuál es la diferencia entre un transportista y un narcotraficante?”, le preguntó en una de esas conversaciones nocturnas el periodista, Meño Larios, a Fernando Blengio Cesaña, hombre encarcelado hace 10 años en Estados Unidos por conspirar para traficar cocaína y falsificar la matrícula de una aeronave. “El narcotraficante compra y digamos que especula con el producto, lo vende, lo distribuye”, respondió. “Y el transportista únicamente cobra, precisamente, el transporte de la sustancia de un punto a otro”.",‘Transportista’: el desahogo del aviador del narco transformado en podcast,https://elpais.com/mexico/2021-07-15/transportista-el-desahogo-del-aviador-del-narco-transformado-en-podcast.html,elpais,elpais.com,6,62
a2788c08af2ac8b5d5a00bd8ef4f3272,"Un inductor que no da la medida, una guardia presidencial que sobrevive sin un rasguño al ataque de casi 30 hombres armados, sicarios colombianos que publican en las redes sociales fotos de turismo días antes del operativo o presuntos vínculos con la oposición venezolana. Las inconsistencias superan con amplitud a las certezas en la investigación por la muerte del presidente de Haití, Jovenel Moïse, torturado y asesinado en su casa de Puerto Príncipe el pasado 7 de julio. Estas son algunas de las preguntas sin respuesta.","La investigación lastrada por las inconsistencias en Haití: guardias ausentes, sicarios de turismo y un improbable inductor del crimen",https://elpais.com/internacional/2021-07-13/la-investigacion-lastrada-por-las-inconsistencias-en-haiti-guardias-ausentes-sicarios-de-turismo-y-un-improbable-autor-intelectual.html,elpais,elpais.com,11,43
49448d11ac54dfac24fdb423e94251bf,"Un actor puede transformarse en lo que sea, hasta en El Sol, el rey de la música latina, el ídolo güero de masas,  todo un latin lover de los noventa. Pero no es tan sencillo huir de sí mismo. Diego Boneta (Ciudad de México, 1990) fue el elegido hace cuatro años para interpretar a Luis Miguel en la serie de Netfllix sobre su vida. Se han emitido dos temporadas y la tercera y última está ya en camino. Desde el primer episodio, la sed de sus seguidoras ante la ausencia del cantante de los escenarios la ha saciado un actor que habla como él, se mueve como él, canta como él y hasta imita su separación entre los dientes. El actor mexicano vio tantos vídeos de Luis Miguel, diseccionando cada entrevista, cada concierto, cada aparición pública, que memorizó hasta el momento exacto en el que debía respirar. En esta entrevista en vídeo, revela a EL PAÍS SEMANAL cómo se preparó para el papel.",Así se convierte Diego Boneta en Luis Miguel: “Me volví loco”,https://elpais.com/videos/2021-07-13/asi-se-convierte-diego-boneta-en-luis-miguel-me-volvi-loco.html,elpais,elpais.com,8,80
42f66d6e2903c025fbbec6c394d86cd0,"Germán Castro Caycedo, reportero infatigable y escritor de referencia para varias generaciones de periodistas colombianos, maestro del oficio y autor de una veintena de libros de investigación traducidos a varios idiomas, ha fallecido este jueves según ha confirmado su familia. En los años 70 revolucionó la televisión nacional con su programa Enviado Especial. Su dilatada carrera lo convirtió en uno de los cronistas más leídos de su país, con títulos emblemáticos como Mi alma se la dejo al diablo, una historia que transcurre en su anhelada selva amazónica; El Karina, sobre un buque que transportaba armas para la guerrilla del M-19; o El Hueco, que aborda el éxodo de los colombianos que migran a Nueva York.","Muere el colombiano Germán Castro Caycedo, el cronista que sacó las cámaras de los estudios",https://elpais.com/cultura/2021-07-16/muere-el-colombiano-german-castro-caycedo-el-cronista-que-saco-las-camaras-de-los-estudios.html,elpais,elpais.com,9,60
1cfeaaf0396f8c9d27ffb737654c1937,"Renée Dorleac, toda una leyenda del cine francés y madre de la también celebrada actriz Catherine Deneuve, ha fallecido a los 109 años. Su muerte ocurrió el pasado domingo 11 de julio, pero ha sido este jueves cuando su familia ha querido anunciarlo a través de una esquela publicada en las páginas del diario galo Le Figaro. Será inhumada en el panteón familiar.","Muere la actriz Renée Dorleac  a los 109 años, madre de Catherine Deneuve y matriarca de actores",https://elpais.com/gente/2021-07-15/muere-la-actriz-renee-dorleac-a-los-109-anos-madre-de-catherine-deneuve-y-matriarca-de-actores.html,elpais,elpais.com,10,33
9480aa3f803cbc1dfec371b64600e094,"Negocios, ingenierías, ciencias de la salud, ciencias sociales, humanidades, además de las áreas enfocadas al servicio de turismo, gastronomía y hotelería hoy se encuentran en una encrucijada de reformulación y actualización desde el ámbito universitario, ante los embates del mundo contemporáneo, en tanto los profesionistas en ciernes buscan una oferta educativa que se adapte a sus necesidades, desde programas de excelencia que les ayuden a delinear de forma mucho más certera su futuro laboral.",Lo que define el futuro profesional,https://elpais.com/sociedad/2021-06-30/lo-que-define-el-futuro-profesional.html,elpais,elpais.com,3,39
ab5d725180351363ff3f29177b4215dd,"El sexo, a todas luces, es un gran invento: cuando lo practican los enamorados es lo más cercano a una fusión con otro ser humano. Cuando no existe una vinculación afectiva profunda es también intercambio de placer y experiencia de goce compartido. Encima no requiere de artilugios ni costosas inversiones, bastan las ganas. No contamina, lo que no es poco a día de hoy. Es más sostenible un revolcón que un chuletón.",Sexo libre para ‘tiktokers’,https://elpais.com/opinion/2021-07-16/sexo-libre-para-tiktokers.html,elpais,elpais.com,3,33
1d5419cd25506428c0bb03d0080ea155,"La denuncia de los gobiernos de Bolivia y Argentina contra el expresidente Mauricio Macri y algunos de sus colaboradores por supuestamente haber mandado a Bolivia suministros para la represión de las protestas de 2019 contra la presidenta boliviana interina Jeanine Áñez ha acrecentado la tensión política interna en ambos países. El Ejecutivo argentino ha llevado al exmandatario ante los tribunales por presunto contrabando de material antidisturbios. Macri, ahora desde la oposición, niega las acusaciones y considera que forman parte de una persecución política orquestada por el presidente Alberto Fernández para desviar la atención de la situación sanitaria y económica.",Un supuesto contrabando de armas de Argentina a Bolivia agita la política interna de ambos países,https://elpais.com/internacional/2021-07-16/una-denuncia-por-presunto-contrabando-de-armas-de-argentina-a-bolivia-acrecienta-la-tension-politica.html,elpais,elpais.com,10,54
956a7c4bb222c23f52ac5b4af31eb629,"Nota a los lectores: EL PAÍS ofrece en abierto la sección Planeta Futuro por su aportación informativa diaria y global sobre la Agenda 2030. Si quieres apoyar nuestro periodismo, suscríbete aquí.",107 iniciativas tecnológicas de los jóvenes africanos para luchar contra la covid-19,https://elpais.com/planeta-futuro/2021-07-16/107-iniciativas-tecnologicas-de-los-jovenes-africanos-para-luchar-contra-la-covid-19.html,elpais,elpais.com,5,19
51bb30a61cd5cefeb49f2a4ab3d30f38,"No cabe duda de que casi todas las madres y padres de este mundo no pueden entender la idea de descuidar a un niño. Sin embargo, y tristemente, se trata de un tema que ocurre más de lo que cabría esperar, por muchas razones y varias circunstancias. Hablar de negligencia infantil supone adentrarnos en un terreno pantanoso, pero necesario, ya que supone una de las formas más comunes de maltrato infantil. Y es que, en España, y según datos recabados en el año 2019 por el Registro Unificado de casos de sospecha de Maltrato Infantil (RUMI), la negligencia infantil representa hasta el 50% de todas las notificaciones registradas como sospechosas de maltrato; un estudio que se publicó en el Ministerio de Sanidad y cuya conclusión fue que la negligencia es el tipo de maltrato infantil más frecuente en España.",¿De qué hablamos cuando nos referimos a negligencia infantil?,https://elpais.com/mamas-papas/2021-07-16/de-que-hablamos-cuando-nos-referimos-a-negligencia-infantil.html,elpais,elpais.com,4,68
4aa82b453471462c29cbe9a93c469e6b,"En la periferia de São Paulo, donde la ciudad más rica de Brasil se pierde entre comedores asiáticos y mercadillos calcados del altiplano andino, las comunidades migrantes de coreanos y bolivianos libran una feroz batalla por el monopolio de la falsificación de ropa de marca. Como sobrevivir es matar o morir, en el taller de la familia Pacsi surge un plan. Tayson, el primogénito, el primero del clan con pasaporte brasileño, puede disimular el linaje lo suficiente como para espiar a la competencia y pasar desapercibido. El negocio repunta. Su padre pide un préstamo para comprar un coche. Tayson, al borde de la adolescencia, se convierte en el héroe del barrio. Pero el final feliz del anhelo migrante comienza a derrumbarse el día en que lo descubren.",“La idea del mestizaje es la guarida de la Bolivia que no quiere admitir su lado indígena”,https://elpais.com/cultura/2021-07-15/la-idea-del-mestizaje-es-la-guarida-de-la-bolivia-que-no-quiere-admitir-su-lado-indigena.html,elpais,elpais.com,8,67
06e8ed713320b328cd3740a7235fa168,"Con un 40% de la población española ya completamente vacunada y otro importante porcentaje inoculado a medias, una cosa ha ido quedando clara: el día del pinchazo es mucho más que un trámite médico. En las redes, muchos se fotografían en el trance. A la autofoto con el brazo en ristre se le llama vaxxie, de “selfi” y “vacuna” en inglés, y compartirlo parece casi obligatorio, aplicándole casi siempre otra capa de simbolismo a ese momento.","‘Vaxxie’, el selfi de tu vacunación: dime cómo te vacunas y te diré quién eres",https://elpais.com/ideas/2021-07-11/vaxxie-el-selfi-de-tu-vacunacion-dime-como-te-vacunas-y-te-dire-quien-eres.html,elpais,elpais.com,8,37
c75c881d8305d494088097b6c25ad1c3,"La novela negra se tumba a menudo en el diván. Agobiada, quizás, por aquellos que desde tiempos de Arthur Conan Doyle la consideran literatura de segunda, a menudo el género se pregunta por su sentido y su futuro. La nómina de finalistas para el Premio Dashiell Hammett de la 34ª edición de la Semana Negra de Gijón deja atrás cualquier complejo y exhibe vitalidad literaria y voluntad de transgredir fronteras. EL PAÍS reúne a Claudia Piñeiro, Elia Barceló, Lorenzo Silva y Alberto Gil (la quinta en liza, Marta Sanz, habló por teléfono con este diario el miércoles desde Santander) horas antes de que se conozca el fallo del premio para hablar del futuro de la novela en su festival más veterano. La conversación tiene lugar cerca de la carpa central del festival, donde los debates y presentaciones se suceden, en una pulpería en la que sobrevive el olor de la fritura del mediodía, al refugio de un sol extemporáneo.",La novela negra derriba las últimas fronteras,https://elpais.com/cultura/2021-07-16/la-novela-negra-derriba-las-ultimas-fronteras.html,elpais,elpais.com,5,83
ce0bf81f64dcb44a33feb910efee683b,"El Banco Santander, a través de la sociedad estadounidense Santander Holdings USA, ha comprado el bróker estadounidense independiente de renta fija Amherst Pierpont Securities por 590 millones de dólares (cerca de 500 millones de euros). Según ha informado este jueves el banco a la Comisión Nacional del Mercado de Valores (CNMV), la operación se ha realizado mediante la adquisición de la matriz del bróker, Pierpont Capital Holdings, y está previsto que se cierre en el primer trimestre de 2022 tras obtener las correspondientes aprobaciones regulatorias.",Banco Santander compra el bróker estadounidense Amherst Pierpont por 500 millones,https://elpais.com/economia/2021-07-15/banco-santander-compra-el-broker-estadounidense-amherst-pierpoint-por-500-millones.html,elpais,elpais.com,8,49
02e4b9dfa3172ee7c88334643c8cff3d,"En los últimos seis años, grupos del crimen organizado han invadido los territorios de Los Altos, en Chiapas. Las tierras habitadas por comunidades indígenas empezaron a ser víctimas de saqueos, extorsiones, amenazas y asesinatos. El alarmante aumento de los desplazados por las balas en las últimas semanas evidencia el recrudecimiento de la violencia en una zona codiciada al sur del país para el tráfico de drogas, armas y personas. El activista Simón Pedro Pérez López fue la última víctima pública de esta lucha. Los pobladores a los que representaba denuncian que el hostigamiento continúa obligando a familias enteras a abandonar sus casas y su forma de vida. Hasta ahora, las reacciones a la presencia de los grupos armados —grupos civiles de autodefensa, despliegue de las Fuerzas Armadas, denuncias ante la Secretaría de Gobernación— han sido en vano y la tensión sigue escalando.","Los Altos de Chiapas, la nueva zona caliente de violencia en el sur de México",https://elpais.com/mexico/2021-07-15/los-altos-de-chiapas-la-nueva-zona-caliente-de-violencia-en-el-sur-de-mexico.html,elpais,elpais.com,8,76
cd5836bd561967f378fb272d79818a5e,"Con el desarrollo de nuevas tecnologías y el constante cruce de distintas disciplinas y formas de adquirir conocimiento, las ofertas educativas en el ámbito universitario han tenido que elevar con creces su dinamismo, calidad y respuesta a los nuevos desafíos que hoy plantea un mundo laboral mucho más interconectado a niveles internacionales, en donde el grado de exigencia y la especialización profesional es mayor.",Una universidad para el presente; una preparación para toda la vida,https://elpais.com/sociedad/2021-06-30/una-universidad-para-el-presente-una-preparacion-para-toda-la-vida.html,elpais,elpais.com,5,33
b2f4759aef96f090ef6af0d4476811ab,"Antonella, Rebeka, Julia y Silvi son las hermanas Gourmet, protagonistas de una historia que empezó en una guerra y acaba en la cocina de un prestigioso restaurante, mundialmente conocido. La diferencia de edad entre las dos primeras, las mayores, y las dos últimas, que son gemelas, permite hilvanar una historia repleta de secretos sobre el origen familiar, y especialmente sobre la figura de la madre, que poco a poco va abriéndose paso en la intriga hasta la revelación final, aunque a veces no acaba de encajarse del todo bien ese relato del pasado —el hilo narrativo más convencional de entre los muchos que tejen esta entretenida novela— en la crónica del presente, que me parece mucho más interesante.",Homenaje mediterráneo a Kafka y Borges,https://elpais.com/babelia/2021-07-02/ronda-de-historias.html,elpais,elpais.com,4,56
48cfd981f6e8b2465d8b51c737f436e4,"El Gobierno de Israel se ha negado a extraditar a Tomás Zerón, antiguo jefe de la investigación del caso Ayotzinapa, y quien ha sido acusado en varios procesos de tortura y desfalco. Zerón, prófugo de la justicia mexicana, se ha refugiado en Israel, donde ha pedido asilo. Aunque el Ejecutivo de Andrés Manuel López Obrador ha solicitado formalmente la extradición del exfuncionario, el Gobierno israelí ha decidido alargar el proceso, como respuesta a la posición de México en Naciones Unidas, que ha apoyado las investigaciones sobre denuncias de crímenes de guerra contra los palestinos, según ha informado este jueves The New York Times, que cita a un alto funcionario israelí.",Israel se niega a extraditar a Tomás Zerón,https://elpais.com/mexico/2021-07-15/israel-se-niega-a-extraditar-a-tomas-zeron.html,elpais,elpais.com,5,62
877c686ab3f2dae76e7f3403d5c8ae74,"La madrugada del pasado domingo, Alia Mosallam, una historiadora egipcia, acababa de aterrizar en El Cairo con su marido y sus tres hijos procedentes de Berlín, donde trabaja becada en una prestigiosa fundación, cuando fue detenida en el aeropuerto de la capital. Las autoridades la retuvieron allí 17 horas, algunas de ellas incomunicada y durante las que fue interrogada varias veces, según explicó su cónyuge al medio independiente Mada Masr.",Egipto intensifica su asalto a la libertad académica,https://elpais.com/internacional/2021-07-16/egipto-intensifica-su-asalto-a-la-libertad-academica.html,elpais,elpais.com,5,37
c933ac5becd631b640b3eec477c106a9,"El debut en la dirección de Júlia de Paz Solvas es el crudo retrato de una mala madre. El adjetivo no está en la película, aunque la madre sea básicamente un desastre, sino en la mirada de la sociedad y del espectador hacia una mujer que no está a la altura de lo que se le exige. El padre ni existe. Pepa, interpretada con garra por la sevillana Tamara Casellas, hace lo que puede para sobrevivir. Reparte los flyers de una discoteca de playa y le gusta, o no le queda otra, salir por la noche. Va por la vida dando tumbos y eso es incompatible con la atención que necesita una niña pequeña. Basado en el corto del mismo título, Ama es una película a ras de suelo en su retrato de una mujer desbordada y sola. El contexto de su precaria forma de vida es un Benidorm desdibujado donde la noche y el día circulan por carriles contrarios y en el que la vida familiar niega la existencia después de caer el sol.",‘Ama’: ¿qué es una mala madre?,https://elpais.com/cultura/2021-07-16/ama-que-es-una-mala-madre.html,elpais,elpais.com,3,81
13932ea604b531f20cff6211b1cb5d11,"Seattle, en el Pacífico noroeste de los Estados Unidos, encarna el ideal de urbe con conciencia medioambiental. Rodeada de bosques de hoja perenne, parques y lagos, ostenta los títulos de Ciudad Esmeralda y “Meca de la naturaleza”. Por sus veranos vigorizantes, es la localidad con menos instalaciones de aire acondicionado del país. En 2014, un reportaje de The New York Times, recomendaba la región, preservada por su geografía de los excesos del calor, para futuros desplazamientos geoclimáticos. La elección obedecía a la lógica de un funcionamiento, relativamente previsible, en las alteraciones climáticas. Una subida de dos grados convertirá algunas regiones del planeta en un “infierno inhabitable” (sic Naciones Unidas), mientras que el Norte devendrá un Edén templado: Alaska convertida en una Florida polar, el mar del Norte, un nuevo Mediterráneo. Los habitantes de Seattle tenían motivos para sentirse confiados. Hasta que llegó la cúpula de calor, a finales de junio. En días consecutivos, se superó tres veces el registro de temperaturas máximas. No muy lejos, Canadá alcanzó los 49,6ºC. A miles de kilómetros, el círculo polar ártico ruso, batió récords históricos.",Sin salida al norte,https://elpais.com/opinion/2021-07-16/sin-salida-al-norte.html,elpais,elpais.com,2,105
7bbd93ac7b7828178ba309c8146b7715,"El Pentágono ha confirmado este jueves que parte de los soldados colombianos acusados del asesinato del presidente de Haití, Jovenel Moïse, recibieron entrenamiento militar por parte de Estados Unidos. Según informa el diario The Washington Post, tras recibir un comunicado del teniente coronel Ken Hoffman, portavoz del Ejército, el Pentágono revisó “sus bases de datos de entrenamiento” y encontró que “un pequeño número de los individuos colombianos detenidos como parte de esta investigación [el asesinato de Moïse] habían participado en programas de entrenamiento y educación militar de Estados Unidos en el pasado, mientras servían como miembros activos de las Fuerzas Militares de Colombia”.",El Pentágono confirma que entrenó a los soldados colombianos implicados en el asesinato del presidente de Haití,https://elpais.com/internacional/2021-07-15/el-pentagono-confirma-que-entreno-a-los-soldados-colombianos-implicados-en-el-asesinato-del-presidente-de-haiti.html,elpais,elpais.com,9,61
f8945fa1d95964ddceaf8be83c1dec2a,"La población española se divide en dos mitades entre los que piensan que los jóvenes han sido más irresponsables que el resto de la población durante la pandemia y los que no comparten esta opinión o no lo tienen claro. Un 50,3% está muy o bastante de acuerdo en que este grupo de edad ha tomado menos medidas de prevención durante la crisis sanitaria. Un 47,1% está poco o nada de acuerdo y un 2,5% no sabe o no contesta. Esta es una de las conclusiones que se desprenden del estudio Infancia y juventud ante la pandemia de la covid-19, elaborado por el Centro de Investigaciones Sociológicas (CIS) y publicado este jueves.",La mitad de los españoles cree que los jóvenes han sido menos responsables que el resto durante la pandemia,https://elpais.com/sociedad/2021-07-15/la-mitad-de-los-espanoles-cree-que-los-jovenes-han-sido-menos-responsables-que-el-resto-durante-la-pandemia.html,elpais,elpais.com,9,41
735ce8c209b564e408105d393ee677f2,"América Latina es una región que está envejeciendo. Se estima que para 2050, los mayores de 65 años serán el doble y habrá menos personas en edad de trabajar, como resultado de un aumento lento pero sostenido de la esperanza de vida y una caída de la tasa de fecundidad.",Cómo envejecer bien en Latinoamérica,https://elpais.com/america/economia/termometro-social-de-america/2021-07-15/como-envejecer-bien-en-latinoamerica.html,elpais,elpais.com,4,21
eb767b57a3baf30f746397e8482151ca,"Lambda ya es “variante de interés” para la Organización Mundial de la Salud. Esta clasificación es equivalente a poner el linaje originado probablemente en Perú bajo vigilancia cauta pero atenta: indica que, según la evidencia disponible, C.37 ha demostrado potencial para ser más peligrosa entre los humanos en al menos una de las dimensiones que preocupan sobre el virus (principalmente, su capacidad de contagio o de evadir inmunidad adquirida). Si lo será finalmente, y en qué medida, está por confirmar. Pero los indicios recogidos en el área andina (Perú, pero también Chile o Argentina) no son esperanzadores.",Variante lambda de la covid-19: qué se sabe de su origen en América del Sur y su capacidad de transmisión,https://elpais.com/sociedad/2021-07-11/variante-lambda-de-la-covid-19-que-se-sabe-de-su-origen-en-america-del-sur-y-su-capacidad-de-transmision.html,elpais,elpais.com,8,48
857e661c33bd5824208b97ca541ea6de,"No hay ningún misterio en el destape explícito por parte del canciller mexicano Marcelo Ebrard, aspirante a la presidencia en las elecciones del verano 2024, pese a los tres años casi exactos que nos separan de esa jornada. Tras las reiteradas alusiones del presidente Andrés Manuel López Obrador a lo largo de las últimas semanas sobre posibles sucesores, no le quedaba de otra al responsable de Relaciones Exteriores. Las filas del obradorismo habían interpretado gestos, cábalas y señales y concluyeron que Claudia Sheinbaum, jefa de Gobierno de la Ciudad de México, sería en su momento la preferida del soberano, y actuaron en consecuencia. En los últimos días, las apariciones en público de Sheinbaum eran festejadas a gritos de “presidenta, presidenta”. Ebrard asumió, con razón, que si eso se instalaba unilateralmente en el imaginario del obradorismo, la batalla estaría perdida antes de empezar y el resto del sexenio sería un desfile en alfombra roja para la alcaldesa. Con su destape oficial, asumido con la venia presidencial, intenta pasar el mensaje de que el asunto todavía no está decidido. Convincente o no, muchos de los actores políticos se la pensarán dos veces antes de quemar naves y endosar cheques en blanco.",El presidente que quería ser expresidente,https://elpais.com/mexico/opinion/2021-07-14/el-presidente-que-queria-ser-expresidente.html,elpais,elpais.com,4,103
2cf66e8d34aecebf88807c1338036bde,"Surf, skateboarding, escalada, kárate y softbol. Cuatro deportes que debutan en Tokio y uno que regresa a los Juegos. Retratamos a algunos de los atletas que aspiran a hacer historia llevándose una medalla en estas categorías sin tradición olímpica, pero con mucha relevancia popular.",Cinco debuts Olímpicos,https://elpais.com/eps/2021-07-16/cinco-debuts-olimpicos.html,elpais,elpais.com,3,24
fc5f7a54b310551c266785c0bea26c46,"Una patrulla volcada en mitad de la calle, dos jóvenes negros encima. Parecen gritar algo que llevan susurrando toda la vida. La garganta convierte al individuo en ciudadano, es el lugar en que confluyen la idea y el cuerpo, el músculo sonoro. La palabra de la protesta explota en la garganta, no llega a la boca ni a la lengua y convierte a la eufonía en la principal categoría ideológica del discurso cívico.",Protestas en Cuba: las cosas por su nombre,https://elpais.com/opinion/2021-07-13/protestas-en-cuba-las-cosas-por-su-nombre.html,elpais,elpais.com,4,38
af8879607c9ea6d28e86db185bb1a775,"Cuando el próximo día 23, en la ceremonia de apertura de los Juegos, la llama olímpica entre en el estadio nacional de Tokio, el primer ministro de Japón, Yoshihide Suga, estará cruzando mentalmente los dedos. Suga ha insistido contra viento y marea en que esta competición de competiciones se lleve a cabo, pese a la opinión en contra de la inmensa mayoría de los japoneses -un 86%, según las encuestas, temen una nueva ola o una nueva variante de covid durante el evento-, el personal sanitario e incluso de algunas destacadas empresas y anunciantes. Hasta el emperador Naruhito se encuentra “preocupado”, según la Casa Imperial.",Tokio 2020: unos Juegos gafados para la economía japonesa,https://elpais.com/economia/2021-07-10/tokio-2020-unos-juegos-gafados-para-la-economia-japonesa.html,elpais,elpais.com,5,52
ed3e264a8fc941d280479dea79d5fbb3,"Nota a los lectores: EL PAÍS ofrece en abierto la sección Planeta Futuro por su aportación informativa diaria y global sobre la Agenda 2030. Si quieres apoyar nuestro periodismo, suscríbete aquí.",La enfermedad que desfigura el rostro de un niño en 15 días,https://elpais.com/planeta-futuro/2021-07-13/la-enfermedad-que-desfigura-el-rostro-de-un-nino-en-15-dias.html,elpais,elpais.com,5,19
41eb764f197e04fea354ad7a31958c2b,El grupo PRISA comunicó este miércoles a Antonio Caño la extinción de su contrato con la compañía. Caño ejercía como asesor para la transformación digital de EL PAÍS y publicaba un artículo mensual en la sección de Opinión.,PRISA finaliza su relación con Antonio Caño,https://elpais.com/comunicacion/2021-07-14/prisa-finaliza-su-relacion-con-antonio-cano.html,elpais,elpais.com,5,20
a7b0ff6b589c4aa6e69161e9da15b42c,"La primera vez que el músico Ahmir Thompson, famoso batería de The Roots conocido como Questlove, se topó con las imágenes del Festival Cultural de Harlem fue en un bar de soul en Tokio. Era un instante de la actuación de Sly and the Family Stone y Thompson se quedó sorprendido al no reconocer el escenario. Pensó que se trataba de un festival en Europa y siguió con lo suyo. Veinte años después, los productores de Summer of Soul se pusieron en contacto con él para hablarle del “Woodstock negro”, como empezó a llamarse al festival ocurrido durante seis semanas del verano de 1969 en el parque de Mount Morris, hoy Marcus Garvey Park, a dos horas del lugar donde ese mismo verano se celebró el macroconcierto que marcó la era de Acuario.",‘Summer of Soul’: poder negro a todo color,https://elpais.com/cultura/2021-07-16/summer-of-soul-poder-negro-a-todo-color.html,elpais,elpais.com,6,71
8ce2100e0c42947003e00cb9dd894ebb,"“Nos interesa América porque nos consideramos un periódico americano”, expresa rotundo el director de EL PAÍS América, Jan Martínez Ahrens. “El periódico tiene la nacionalidad de sus lectores”. Mas allá de la clásica información de corresponsal, EL PAÍS intenta estar “en el nervio central de la actualidad” y de las sociedades.",Jan Martínez Ahrens: “El periódico tiene la nacionalidad de sus lectores”,https://elpais.com/mexico/2021-03-05/jan-martinez-ahrens-nos-interesa-america-porque-nos-consideramos-un-periodico-americano.html,elpais,elpais.com,6,27
87b71dfeff3b26d155f752a2c62b9f77,"Hanna Jaff había puesto ya un pie en la casa real británica. Tras conocer a Henry Roper-Curzon, heredero del barón de Teynham y Pylewell Park y casarse en una boda de ensueño, la empresaria y filántropa se había convertido en un referente para la alta sociedad mexicana. Ella se mudó a Inglaterra y su enlace con el futuro Lord del pasado febrero de 2020 parecía ir como la seda. Sin embargo, en las revistas del corazón el matrimonio ha dejado ver lo rotos que están los suyos. La crisis personal que ha derivado en una disputa económica por las deudas de la familia Roper-Curzon y el sospechoso linaje de Jaff. El cuento de hadas se desvanece entre acusaciones de mentira sobre dinero, abolengo, incluso el nivel académico de sus protagonistas.",El escándalo Jaff y Roper-Curzon: el divorcio real de México y Gran Bretaña entre acusaciones de estafa y mentiras,https://elpais.com/mexico/2021-07-15/el-escandalo-jaff-y-roper-curzon-el-divorcio-real-de-mexico-y-gran-bretana-entre-acusaciones-de-estafa-y-mentiras.html,elpais,elpais.com,10,63
979c0143fa38f5b67ea08f0a22cb512e,"Para el periodista nicaragüense Carlos Fernando Chamorro (Managua, 65 años), el premio Ortega y Gasset a la trayectoria es un reconocimiento al periodismo independiente “a pesar de la persecución y la hostilidad” que sufre la prensa en su país. “En Nicaragua se vive este galardón como un aliento para todos los profesionales después de años de ataques brutales dirigidos a aplastar las libertades. Es un premio a la resistencia del periodismo y a su compromiso con la verdad y la libertad”, dice el director de la revista Confidencial y presentador del programa de televisión Esta semana.","Carlos Chamorro, la voz libre de Nicaragua",https://elpais.com/sociedad/2021-05-25/carlos-chamorro-la-voz-libre-de-nicaragua.html,elpais,elpais.com,5,46
3f8bddc614afa43355f6e912aa0c64e8,"El mandatario venezolano, Nicolás Maduro, informó en la madrugada del jueves (hora peninsular española) de que su Gobierno pedirá formalmente a España la extradición del líder opositor Leopoldo López, uno de los dirigentes clave de la oposición venezolana, exiliado en Madrid desde que huyó del país en 2020 y miembro del equipo que participa en las negociaciones con el chavismo. El líder bolivariano justificó su petición, la segunda en dos meses, afirmando que López es un delincuente involucrado en actos ilegales. “El Gobierno de España no puede ser cómplice del terrorismo y la violencia contra el pueblo venezolano”, aseguró.",Maduro vuelve a pedir a España la extradición de Leopoldo López,https://elpais.com/internacional/2021-07-15/maduro-vuelve-a-pedir-a-espana-la-extradicion-de-leopoldo-lopez.html,elpais,elpais.com,7,55
8d3fd6a5a4b41e72ec028af684b043c2,"A los amantes de las películas de superhéroes y del universo Marvel el nombre de Hayley Atwell no les será indiferente. Esta actriz de 39 años, nacida en Londres, ha puesto cuerpo y voz a Peggy Carter, el gran amor del Capitán América en la saga cinematográfica. También goza de reconocimiento en televisión y en el teatro. Y en los últimos días, además, la imagen de Atwell, que debutó ante las cámaras como imagen de un anuncio de patatas Pringles, ha ocupado buena parte de la prensa rosa de todo el mundo. ¿El motivo? Haber acompañado a Tom Cruise, de 59 años, durante la final femenina de Wimbledon el pasado fin de semana.","Hayley Atwell, así es la actriz todoterreno que acompaña a Tom Cruise",https://elpais.com/gente/2021-07-16/hayley-atwell-asi-es-la-actriz-todoterreno-que-acompana-a-tom-cruise.html,elpais,elpais.com,8,57
a0037dd07363c0793be04b50f61f2d97,"Las bebidas alcohólicas pueden provocar cáncer. Es algo contrastado por la ciencia, pero no se conoce por la población de forma mayoritaria, ni los gobiernos actúan con la firmeza necesaria. Un nuevo estudio acaba de actualizar esta relación directa, tras analizar los datos de la última década: en todo el mundo, el alcohol fue responsable de unos 740.000 tumores solo en 2020. Esto supone que más del 4% de los cánceres globales se deben a la ingesta de bebidas alcohólicas y, por tanto, totalmente evitables y prevenibles.",El consumo de alcohol provocó cáncer a 100.000 bebedores moderados el año pasado,https://elpais.com/ciencia/2021-07-13/el-consumo-de-alcohol-provoco-cancer-a-100000-bebedores-moderados-el-ano-pasado.html,elpais,elpais.com,8,41
3fb0a92a6ecd413f6d6a68a36c449fdc,"Ubicado en la calle de Tacuba, número 17 esquina con Simón Bolívar, en el Centro Histórico de la Ciudad de México, se encuentra uno de los tantos palacios pertenecientes el estilo barroco novohispánico de mediados del Siglo XVIII, el cual por muchos años fue el Antiguo Convento y hospital de los Betlemitas, orden eclesiástica que se dedicaba principalmente a asistir y ayudar a los más necesitados.","MIDE, 15 años contando lo que cuenta",https://elpais.com/sociedad/2021-07-13/mide-15-anos-contando-lo-que-cuenta.html,elpais,elpais.com,4,33
85601696c4c76977a34bc63609ff5d18,"“I’ve just come in through my front door. I’m fine,” begins a message posted on Instagram on July 14 by Cuban YouTuber Dina Stars, who was arrested a day earlier during a live television interview with a news outlet from Spain.",YouTuber Dina Stars released after being accused of ‘promoting protests’ in Cuba,https://english.elpais.com/usa/2021-07-15/youtuber-dina-stars-released-after-being-accused-of-promoting-protests-in-cuba.html,elpais,english.elpais.com,12,38
27e9dfbb74fb7cd74a59081fa24466f9,"Cuando en 1936 los críticos Roland Penrose y Herbert Read, principales adalides del surrealismo británico, visitaron el estudio de Eileen Agar (1899-1991), en el barrio de Kensington, se llevaron cinco esculturas y tres óleos. Serían expuestos en la primera exhibición surrealista en Londres, The International Surrealist Exhibition, junto con la obra de Picasso, De Chirico, Miró, Dalí, Man Ray, André Breton, Giacometti y Max Ernst, entre otros. “Esa atención repentina me cogió por sorpresa. Un día yo era una artista que exploraba combinaciones personales de forma y contenido, y al día siguiente me anunciaban con calma ¡que era una surrealista!”, escribió en sus memorias, A Look at My Life, cinco décadas más tarde.",Eileen Agar: magia en un mundo de durmientes,https://elpais.com/babelia/2021-07-15/eileen-agar-magia-en-un-mundo-de-durmientes.html,elpais,elpais.com,5,67
4ce95322a269296b0dfc652bef0ac44d,"Tacón de salón, medias negras, vestido de luto por la rodilla y mantilla centenaria. Justo cuando Rafaela pensaba que no iba a poder renovar la tradición familiar de vestir a una de sus descendientes para un Jueves Santo, llegó su nieto Carlos Carvento. “Yo quería ir muy fina, cumpliendo el protocolo al máximo”, rememora el bailarín y cofrade cordobés. Lo consiguió con creces. En las fotos que muestra con orgullo de aquella Semana Santa de 2019 parece pintada por Julio Romero de Torres. Recuerda con ilusión los apoyos que recibió aquel día. También las miradas esquivas “de pavor”. Como Carvento, miles de personas LGTBI de Andalucía viven una singular e intensa relación con las cofradías, en las que participan integrados desde hace siglos como actores clave de una vida de hermandad relativamente normalizada, aunque no exenta de sobresaltos y fricciones. “Todo va bien si no te sales de lo que se espera de ti”, apunta el joven. Justo lo que hizo su alter ego travesti aquel Jueves Santo.",Orgullo cofrade,https://elpais.com/sociedad/2021-07-16/orgullo-cofrade.html,elpais,elpais.com,2,96
3ba7d02ac37febfc1c52e31b2cb57688,"El exministro de Exteriores del PP José Manuel García-Margallo recurrió el miércoles al test del pato para calificar al régimen cubano: “Si anda como un pato, nada como un pato y parpa como un pato, es un pato. Si no hay derechos humanos, ni separación de poderes, ni multipartidismo, ni libertad de prensa, es una dictadura”, subrayó en Telemadrid.",Relaciones hispano-cubanas: entre la ‘realpolitik’ y el arma arrojadiza,https://elpais.com/espana/2021-07-15/relaciones-hispano-cubanas-entre-la-realpolitik-y-el-arma-arrojadiza.html,elpais,elpais.com,4,30
93f640d6dac6be78940dc4bc26cd4699,"Si ha ido de vacaciones con un arquitecto alguna vez, seguramente se habrá visto arrastrado a algún que otro desplazamiento ridículamente largo para visitar un edificio en apariencia insignificante y, llegados a destino, embarcarse en un interminable ritual de contemplación que obliga a examinar ese trasto desde todos los ángulos posibles. Para este gremio, viajar entra dentro de la obsesión. Pero es que, como bien explica el arquitecto, profesor y teórico Santiago Molina, “para bien o para mal, el arquitecto proyecta sobre la arquitectura que ha vivido. Es decir, sobre sus recuerdos y sus vivencias. Y no hay mejor modo para esto que viajar”.","Así funciona Archimaps, la aplicación española que cambiará la forma de viajar de los amantes de la arquitectura",https://elpais.com/icon-design/creadores/2021-07-16/asi-funciona-archimaps-la-aplicacion-espanola-que-cambiara-la-forma-de-viajar-de-los-amantes-de-la-arquitectura.html,elpais,elpais.com,10,52
afd39c81e77be04f8019e63099624475,"La concentración de la selección de Estados Unidos se vio alterada de nuevo a causa de la pandemia. Bradley Beal, el escolta de 28 años de los Washington Wizards, fue incluido el miércoles en los protocolos contra la covid-19 y será baja para los próximos Juegos Olímpicos de Tokio. Su compañero en la selección Jeramy Grant, alero de 27 años de los Detroit Pistons, también ha tenido que ser aislado, pero los responsables de la selección esperan que pueda estar en condiciones para la cita olímpica que empieza el 23 de julio en Tokio.",Bradley Beal es baja para los Juegos a causa de la covid y perturba la concentración de Estados Unidos,https://elpais.com/deportes/juegos-olimpicos/2021-07-16/bradley-beal-es-baja-para-los-juegos-a-causa-de-la-covid-y-perturba-la-concentracion-de-estados-unidos.html,elpais,elpais.com,9,42
d6e98df2008181e9bc5efe78d05c57fc,"La máxima instancia del tribunal electoral peruano denegó 270 pedidos del fujimorismo de anular votos de Pedro Castillo, el candidato que ganó en las urnas por más de 44.000 sufragios en el balotaje del 6 de junio. Desde el lunes de esta semana, solo restaban procedimientos administrativos para la proclamación del maestro rural como presidente electo, pero los abogados de Keiko Fujimori anunciaron la noche del martes que volverán a presentar recursos. Mientras tanto, Castillo teje alianzas que le permitan una base para gobernar, dado que su competidora no reconocerá los resultados y lo califica de “presidente ilegítimo”.",Pedro Castillo teje una red de apoyos para gobernar Perú en un escenario adverso,https://elpais.com/internacional/2021-07-15/pedro-castillo-teje-una-red-de-apoyos-para-gobernar-peru-en-un-escenario-adverso.html,elpais,elpais.com,9,52
ec3cfa85aded67c96c059b442b5a1d5d,"Por fin han llegado las deseadas vacaciones. Muchos cogerán el coche para disfrutar de un descanso en el pueblo o la costa. Hace unos años las pesadas guías de carreteras ayudaban a los conductores a orientarse, ahora las aplicaciones de navegación GPS hacen frente a esta incertidumbre y les permiten moverse con confianza por rutas y ciudades desconocidas. Waze, propiedad de Google, es la aplicación que introdujo el elemento social, mediante el cual los propios usuarios alertan al resto de posibles incidencias. Más de 140 millones de usuarios disponen de sus algoritmos para desplazarse al trabajo o de vacaciones.",¿De vacaciones? Cinco trucos para sacar más partido al navegador Waze,https://elpais.com/tecnologia/2021-07-15/de-vacaciones-como-exprimir-waze-como-un-ninja.html,elpais,elpais.com,7,52
aea3eea58aff1062766e60e92a4e85dd,"Lo que parecía un día normal en la redacción del diario Excélsior, terminó en tragedia. La noche del 30 de mayo de 1984, el periodista y columnista Manuel Buendía Tellezgirón (Michoacán, 1926), fue asesinado de cinco tiros en la espalda, en el cruce de las transitadas avenidas Insurgentes y Reforma, muy cerca de la célebre esquina de la información, en el centro de Ciudad de México.",Netflix busca a los asesinos del periodista mexicano Manuel Buendía casi cuarenta años después,https://elpais.com/mexico/2021-07-15/netflix-busca-a-los-asesinos-del-periodista-mexicano-manuel-buendia-en-1984.html,elpais,elpais.com,11,32
fd89946825d7d927e40ea740ab94978e,"El Gobierno que soñaba con multiplicar la producción petrolera anuncia ahora “la octava planta solar más grande del mundo”. Con una inversión de 1.685 millones de dólares, la central será propiedad de la Comisión Federal de Electricidad (CFE) y del Estado de Sonora, se ha revelado esta semana. Y, lo más importante, tiene el beneplácito del presidente Andrés Manuel López Obrador, quien ha cargado en repetidas ocasiones contra las energías renovables. Tras dos años y medio de apuesta decidida por los hidrocarburos y de trabas a la inversión privada en el sector energético, la noticia apunta a un esfuerzo del Ejecutivo por cambiar la narrativa. Con todo, los expertos consultados dudan de la viabilidad del proyecto y de que represente un auténtico giro ambientalista.",El gesto del Gobierno mexicano hacia las renovables: el gran parque solar del desierto de Sonora,https://elpais.com/mexico/2021-07-16/el-gesto-del-gobierno-mexicano-hacia-las-renovables-el-gran-parque-solar-del-desierto-de-sonora.html,elpais,elpais.com,10,63
cca71beb57287801e7aa8b5318a6b799,"No es fácil sobrevivir a un primer libro como Viento que arrasa, pero si alguien podía conseguirlo es Selva Almada (Villa Elisa, Argentina, 48 años). Tercera pata de una trilogía que no era tal: hablar conciso, gestualidad contenida, una mirada al laberinto ciego de la violencia masculina articulada contra la naturaleza, la mujer, la impotencia y la falta de palabras. Su estilo es una caricia con manos ásperas, en esta ocasión para explicar el regreso de Enero Rey y Negro con el hijo de un amigo muerto, Tilo, al lugar del río donde este se ahogó. Pescar, emborracharse, pira nihilista.",82 libros para el verano,https://elpais.com/babelia/2021-07-10/82-libros-de-verano.html,elpais,elpais.com,2,56
57f838661cebc92b85d755c1013076d0,"La reforma eléctrica del presidente Andrés Manuel López Obrador, que da preferencia a las centrales de la paraestatal Comisión Federal de Electricidad (CFE), recibió un empujón hacia adelante el jueves, cuando un Tribunal Colegiado Especializado en Competencia Económica resolvió en contra de las suspensiones que frenaban su aplicación. Esto es un avance para la Administración Federal, la cual busca deshacer los principios de mercado abierto y competencia que se pasaron en la reforma energética del sexenio anterior. Sin embargo, no es una victoria definitiva, coinciden expertos, y puede tener el efecto de retrasar aún más la inversión privada en el sector.",La polémica reforma eléctrica de López Obrador roza la victoria en los tribunales,https://elpais.com/mexico/2021-07-15/la-polemica-reforma-electrica-de-lopez-obrador-roza-la-victoria-en-los-tribunales.html,elpais,elpais.com,8,56
c72ba833b56e615fb41c865dff4ef295,"La muerte de Peter R. de Vries, de 64 años, el periodista holandés de investigación especializado en casos sin resolver y en el crimen organizado, hundió este jueves en la tristeza a sus familiares y afectó a sus compatriotas, que lo consideraban una figura cercana. Atacado a tiros el pasado 6 de julio en una calle de Ámsterdam cuando salía de trabajar en la cadena televisiva RTL, era el reportero de sucesos más famoso de Países Bajos.","Peter R. de Vries, el periodista holandés que se enfrentó al crimen",https://elpais.com/internacional/2021-07-16/peter-r-de-vries-el-periodista-holandes-que-se-enfrento-al-crimen.html,elpais,elpais.com,6,37
e459e82958566943b0fd2aa8228e44f7,"Su primer trabajo fue como ingeniero para los motores de combustión interna de Ford, y ahora es uno de los mayores expertos en movilidad urbana y en la transformación del sector de la automoción hacia el modelo eléctrico y conectado. John Moavenzadeh (Massachusetts, 54 años), tras desempeñar durante 15 años el cargo de responsable de movilidad en el Foro Económico Mundial, es director ejecutivo de Movilidad Urbana en el Massachusetts Institute of Technology (MIT). Acude a Barcelona para dar una charla en Casa Seat, justo en la semana en que su ámbito de estudio está de más actualidad: la Comisión Europea ha aprobado su proyecto climático, que entre otras cosas fija 2035 como el último año en el que se podrán vender coches de combustión; y el Gobierno ha aprobado un plan para el impulso del coche eléctrico con una inversión pública de 4.295 millones de euros.","“En las ciudades, veremos una transición hacia flotas de vehículos y modelos de suscripción”",https://elpais.com/clima-y-medio-ambiente/2021-07-16/en-las-ciudades-veremos-una-transicion-hacia-flotas-de-vehiculos-y-modelos-de-suscripcion.html,elpais,elpais.com,8,75
a4ea26cabc9043723c59f9dea5b65c81,"En 2017 Maurici Badia volvió a España tras varios años viviendo en el extranjero y alquiló un piso vacío. Acudió a internet en busca de inspiración para equiparlo y se dio cuenta, dice, de que no había una empresa o marca que ofreciese el tipo de muebles que le gustaban: artesanales, sostenibles, de proximidad, con acabados minimalistas, de madera maciza…, y vio una oportunidad. Hoy, cuatro años después, Hannun, la compañía que fundó al año siguiente para ocupar ese hueco, factura 3,5 millones de euros, vende en 27 países y aspira a alcanzar unos ingresos de 100 millones en 2025.","Un ingeniero, una casa que amueblar y Wallapop: así comenzó una empresa de muebles que hoy factura 3,5 millones de euros",https://elpais.com/economia/2021-07-16/un-ingeniero-una-casa-que-amueblar-y-wallapop-asi-comenzo-una-empresa-de-muebles-que-hoy-factura-35-millones-de-euros.html,elpais,elpais.com,12,54
716d8bfa8daa31963a8bb62ef1196e6e,"El Tribunal Constitucional de Polonia ha emitido este miércoles un auto en el que considera incompatibles con el orden constitucional del país las medidas cautelares adoptadas por el Tribunal de Justicia europeo para frenar una de las reformas judiciales emprendidas por el Gobierno de Mateusz Morawiecki. La corte europea ordenó en abril de 2020 la paralización preventiva a la espera de resolver la denuncia de la Comisión Europea contra una reforma del sistema disciplinario de los jueces que, según Bruselas, socavaba la independencia del sistema judicial. El auto de los jueces polacos considera inaplicables las medidas cautelares, una decisión que supone un desacato inadmisible y una peligrosísima ruptura de la seguridad jurídica en la que se fundamenta la Unión Europea y la convivencia entre sus veintisiete Estados miembros. La Comisión Europea expresó ayer, adecuadamente, su “profunda preocupación” ante la rebeldía del Constitucional polaco, y advirtió de que utilizará todos los instrumentos a su alcance para lograr el cumplimiento de todas las sentencias y decisiones del tribunal europeo.",Desacato inaceptable de Polonia,https://elpais.com/opinion/2021-07-16/desacato-inaceptable-de-polonia.html,elpais,elpais.com,3,87
7384d584778a345f74085e08f6b5ec0a,"La pobreza y la desigualdad iban poco a poco corrigiéndose en España tras la Gran Recesión que estalló en 2008. Sin embargo, la pandemia y sus secuelas económicas por las fuertes restricciones que se han impuesto para combatirla han significado un fuerte revés. La pobreza grave o carencia material grave aumentó en 2020 hasta el 7% de la población, unos 3,3 millones de personas según la Encuesta de Condiciones de Vida publicada este jueves por el Instituto Nacional de Estadística. La cifra es muy superior al 4,7% registrado en 2019 y se sitúa muy ligeramente por debajo del máximo del 7,1% que se alcanzó en 2014, en el peor momento de la crisis financiera. Mecanismos públicos como los ERTE y las ayudas familiares han supuesto un importante colchón que han evitado que estos números sean peores dada la brutal paralización que hubo de la actividad.",La pandemia elevó la pobreza en 2020 al mayor nivel desde la Gran Recesión,https://elpais.com/economia/2021-07-15/la-pandemia-elevo-la-pobreza-en-2020-al-mayor-nivel-desde-la-gran-recesion.html,elpais,elpais.com,7,65
4280a63cbe7c14c2705c5e077a84760f,"Anteayer, entre prisa y prisa, entré en Twitter para ver de qué se hablaba y me llevé tal sopapo que aún ando sonada. Entre la montaña de basura onanista, el alud de fotos de recién vacunados y la trifulca entre partidarios y detractores de cualquier causa, una chica se despedía del mundo en un tuit que había programado antes de quitarse la vida para dejar de sufrirla. No era un farol ni, ojalá, un fake de los que suelo tragarme doblados. La joven había logrado su objetivo y sus seguidores se debatían entre el horror de constatar sus peores presagios y la impotencia de no haber podido evitarlos.","SOS, Twitter",https://elpais.com/opinion/2021-07-15/sos-twitter.html,elpais,elpais.com,2,53
49a7a6c8f71969c14b106c43dc00b291,"Las noticias siguen confirmando los malos augurios. A tan solo ocho días de que se escuche el pistoletazo de salida de los Juegos Olímpicos Tokio 2020, la capital nipona registra este jueves 1.308 nuevos casos de covid-19, la cifra más alta en seis meses. El repunte de infecciones obligó la semana pasada al Gobierno japonés a decretar el cuarto estado de emergencia en la urbe en lo que va de pandemia y al comité organizador a anunciar que la ya pospuesta cita estival se celebrará sin público en las instalaciones de competición.","Tokio registra su mayor número de contagios de covid diarios en seis meses, a ocho días de los Juegos Olímpicos",https://elpais.com/deportes/juegos-olimpicos/2021-07-15/tokio-registra-su-mayor-numero-de-contagios-de-covid-diarios-en-seis-meses-a-ocho-dias-de-los-juegos-olimpicos.html,elpais,elpais.com,13,48
231e219b224346e8a41194dcbe4bbb7e,"Sergio del Molino (Madrid, 1979) vuelve sobre sus propios pasos con el ensayo Contra la España vacía (Alfaguara), una autocontestación a su propia La España vacía, que creó el término y generó el debate a gran escala. En este ¿Qué estás leyendo?, el programa de Babelia en el que los autores prescriben libros, propone cinco lecturas.",¿Qué está leyendo Sergio del Molino?,https://elpais.com/babelia/2021-07-12/que-esta-leyendo-sergio-del-molino.html,elpais,elpais.com,3,29
7246e72c6e5dbf917b34ff784f34acd7,"Existen numerosos directores que cada vez que estrenan una película y debo verla por exclusiva obligación profesional, percibo que me asalta el escalofrío. Y evidentemente no es de placer. Mi experiencia con ese cine es inolvidable. Por soporífera. Uno de ellos es el tailandés Apichatpong Weerasethakul. Me resulta aún más difícil comprender de qué me está hablando en sus películas que pronunciar su nombre. Aunque mi caso es extraño. Gran parte de la crítica asegura adorarlo y los festivales acostumbran a premiar todo lo que lleve su firma. Cannes siempre le ha mimado, incluida la Palma de Oro que recibió hace 11 años por su indescriptible Tío Boonmee recuerda sus vidas pasadas.","Maestros de Cannes, que no del cine",https://elpais.com/cultura/2021-07-16/maestros-de-cannes-que-no-del-cine.html,elpais,elpais.com,3,60
bcb0947aea1b057666e76f0e2c3aeac1,"La Agenda 2030 y el cumplimiento de los Objetivos de Desarrollo Sostenible (ODS) son una de las principales banderas del Gobierno de España, que cuenta incluso con una vicepresidencia dedicada a ello. Como parte de sus compromisos, el ejecutivo presenta este jueves el informe voluntario de progreso 2021 de la Agenda 2030 y la Estrategia de Desarrollo Sostenible 2030 en el Foro de Alto Nivel sobre Desarrollo Sostenible de Naciones Unidas, donde se abordan los avances en el cumplimiento de los ODS y se establece la hoja de ruta a seguir en los próximos años.","La transformación del modelo migratorio, asignatura pendiente de España",https://elpais.com/planeta-futuro/2021-07-15/la-transformacion-del-modelo-migratorio-asignatura-pendiente-de-espana.html,elpais,elpais.com,6,44
eb81e05c5488919980a12976ddc75b58,"Heredar el rango social no es algo extraño en la naturaleza, desde luego no entre humanos. Y también es frecuente que la descendencia herede las relaciones sociales de sus progenitores, como sucede con elefantes africanos y macacos. Incluidas las hienas, que tienen unas estructuras sociales muy parecidas a estos monos. Un estudio publicado hoy ha analizado medio millón de interacciones entre hienas a lo largo de 27 años de observaciones científicas para llegar a esta conclusión: las crías de hiena mantienen los contactos sociales de sus madres, sobre todo las de alto rango dentro del grupo. Un fenómeno que tiene importantes implicaciones para la vida de estos animales.",Las hienas de clase alta heredan los contactos sociales para vivir más y mantener el ‘statu quo’ de la manada,https://elpais.com/ciencia/2021-07-15/las-hienas-de-clase-alta-heredan-los-contactos-sociales-para-vivir-mas-y-mantener-el-statu-quo-de-la-manada.html,elpais,elpais.com,11,53
da9bd13baef4559966502b9fbf8b786c,"Alcoholic beverages can cause cancer. This has been scientifically proven but is not common knowledge among the wider population and governments are failing to act with the necessary firmness. A new study has updated this direct relation after analyzing data from the past decade. Globally, alcohol was responsible for some 740,000 new tumors in 2020 alone. Over 4% of reported cancer cases worldwide last year can be attributed to the consumption of alcohol and, therefore, were entirely preventable.","Alcohol consumption led to 100,000 cancer cases in moderate drinkers last year",https://english.elpais.com/usa/2021-07-15/alcohol-consumption-led-to-100000-cancer-cases-in-moderate-drinkers-last-year.html,elpais,english.elpais.com,11,72
245ff7870a80d3ba8c1d95596e0943a4,"Al menos 58 personas han muerto y varias decenas más siguen desaparecidas este jueves a consecuencia de las fuertes lluvias —las más intensas medidas en 24 horas desde que se tienen registros— que se han producido durante la noche y la madrugada en el oeste de Alemania. La tromba de agua ha provocado el desbordamiento de ríos, ha arrastrado varias casas y ha inundado sótanos, donde algunas personas atrapadas en ellos se han ahogado. Al menos 200.000 personas se han quedado sin suministro eléctrico, hay zonas sin cobertura telefónica ni internet y varias líneas ferroviarias y carreteras han quedado cortadas. Las inundaciones han afectado también a regiones de Bélgica, Luxemburgo, Países Bajos y el este de Francia.",Unas inundaciones en Alemania causan al menos 58 muertos y decenas de desaparecidos,https://elpais.com/internacional/2021-07-15/unas-inundaciones-en-alemania-causan-decenas-de-muertos-y-desaparecidos.html,elpais,elpais.com,8,55
5ff1d3421784b15622b9983c1321256e,"El condado de Los Ángeles, el más poblado en todo Estados Unidos, exigirá nuevamente la mascarilla en interiores desde la medianoche de este sábado y sin importar si han sido o no vacunados contra la covid-19. La medida ha sido anunciada la mañana de este jueves por las autoridades de la ciudad ante el imparable avance del coronavirus, especialmente la variante delta. La decisión se había anunciado a forma de sugerencia hace dos semanas pero se hace obligatoria ahora, después de seis días en los que se han reportado diariamente más de 1.000 casos nuevos de infecciones, algo que no había sucedido desde marzo. “Es un momento para que todos nos pongamos manos a la obra. Tenemos importantes niveles de transmisión comunitaria”, ha dicho Muntu Davis, el médico encargado de la gestión en la urbe de 10 millones de habitantes.",Los Ángeles decreta nuevamente la mascarilla obligatoria ante el aumento de los contagios,https://elpais.com/sociedad/2021-07-16/los-angeles-decreta-nuevamente-la-mascarilla-obligatoria-ante-el-aumento-de-los-contagios.html,elpais,elpais.com,7,64
da6b75a0ba0fee3d181053af057eed23,"Cuando sentenciaron a Felipa de Jesús Segundo a 50 años por homicidio tuvo que acercarse a su hija al terminar la audiencia para preguntarle qué había pasado. “Culpable por homicidio, mamá”, le dijo Teresa, reconvertida en una intérprete improvisada. Felipa, indígena mazahua de 60 años, se enteró hace unos meses de su condena después de estar entre rejas desde 2017. Entró en el penal de Almoloya de Juárez (Estado de México) a tientas: sin hablar español y sin acceso a un traductor. Cuando conoció el fallo, no dio crédito. A ella, que la golpearon sus vecinos hasta dejarla malherida, se le acusó por un asesinato que no cometió.",Encarcelados por no hablar español: la agonía de los indígenas en las prisiones de México,https://elpais.com/mexico/2021-07-16/encarcelados-por-no-hablar-espanol-la-agonia-de-los-indigenas-en-las-prisiones-de-mexico.html,elpais,elpais.com,7,51
c39fa4108f5aa74936df4b570b6b40da,"La Administración estadounidense está evaluando si tiene la capacidad tecnológica para restablecer la conexión a internet en Cuba, que el régimen ha cortado tras las movilizaciones del pasado domingo, según afirmó este jueves el presidente, Joe Biden, durante una rueda de prensa en la Casa Blanca con motivo de la visita de la canciller alemana, Angela Merkel.",EE UU evalúa si tiene “capacidad tecnológica” para restablecer el internet bloqueado por el Gobierno cubano,https://elpais.com/internacional/2021-07-15/biden-recibe-a-merkel-con-la-mirada-puesta-en-china-y-rusia.html,elpais,elpais.com,11,32
19f27c9fc2983352cde811e36bbcfb30,"Caer al fondo de una grieta es una de las pesadillas recurrentes de un alpinista. Atravesar un glaciar cuya nieve fresca esconde las trampas del terreno destroza los nervios del más sereno, incluso cuando va encordado a un compañero: si uno evita que ambos sean tragados, regresar a la superficie siempre será un duro ejercicio. Pero hacerlo en solitario es un juego a cara o cruz donde la intuición y la suerte resultan determinantes. Y luego están los que se inventan una solución estrambótica, más un engaño psicológico que un beneficio empírico: en 1976, Charlie Porter, gran escalador de roca y asiduo de Yosemite, atravesó el glaciar de acceso a la ruta Cassin al Denali (o McKinley, el techo de Alaska con 6.190m) sin compañero pero atado a una barra metálica de tres metros que debería evitar que cayese en una grieta. Parecía un pertiguista enamorado de su pértiga pero sin ganas de saltar. Jon Krakauer, célebre autor del superventas Mal de altura, se fabricó una antena en forma de cruz con el listón de una cortina de ducha y la unió a su mochila… esperando que eso le evitase caer al fondo de un abismo de hielo.",La gran dama del techo de Alaska,https://elpais.com/deportes/2021-07-15/la-gran-dama-del-techo-de-alaska.html,elpais,elpais.com,4,100
b44ea36a4b4b966e112c16a6cc84682a,"La justicia transicional en Colombia ha pisado el acelerador. La Jurisdicción Especial para la Paz (JEP), encargada de juzgar los hechos más graves ocurridos en el marco del conflicto armado, ha imputado este jueves crímenes de guerra y de lesa humanidad a otros 15 militares por 127 asesinatos en la costa Caribe como parte del proceso por los ‘falsos positivos’, el eufemismo con el que se conocen en el país los asesinatos de civiles por parte de uniformados para presentarlos como guerrilleros caídos en combate. Es uno de los casos más emblemáticos del tribunal de paz.",El tribunal de paz de Colombia imputa a otros 15 militares por 127 asesinatos de civiles presentados como ‘falsos positivos’,https://elpais.com/internacional/2021-07-15/el-tribunal-de-paz-de-colombia-imputa-a-otros-15-militares-por-127-asesinatos-de-civiles-presentados-como-falsos-positivos.html,elpais,elpais.com,10,46
7f5267595bb5cd20d4ec455d08483268,"La Audiencia de Barcelona ha propinado un revés sin precedentes a un juez de instrucción y a una fiscal por las irregularidades que cometieron en la investigación de un caso de presunto desvío de fondos públicos al procés. En una resolución a la que ha accedido EL PAÍS, los magistrados archivan la causa abierta contra la Asociación Catalana de Municipios (ACM), un ente municipalista que estaba siendo investigado por malversación. El tribunal concluye, con una contundencia poco habitual, que juez y fiscal vulneraron los derechos fundamentales de los nueve investigados.",Un juez y una fiscal vulneraron derechos al investigar un caso de desvío de fondos al ‘procés’,https://elpais.com/espana/catalunya/2021-07-15/un-juez-y-una-fiscal-vulneraron-derechos-al-investigar-un-caso-de-desvio-de-fondos-al-proces.html,elpais,elpais.com,9,44
383211e9be338f4c2618c72cc59bf69b,"La semana pasada se anunció la participación de Faye Dunaway (Florida, 80 años) en The Man Who Drew God (”El hombre que dibujó a Dios”), la película con la que Kevin Spacey regresa al cine cuatro años después de recibir varias acusaciones por acoso sexual (algunas de ellas fueron desestimadas). Trata sobre un pintor ciego, capaz de dibujar a la gente según el sonido de su voz, que es acusado injustamente de abusos sexuales a menores.",Cómo Faye Dunaway llegó a ser considerada “la peor persona de Hollywood”,https://elpais.com/icon/cultura/2021-07-16/como-faye-dunaway-llego-a-ser-considerada-la-peor-persona-de-hollywood.html,elpais,elpais.com,9,44
