body,title,url

"Vicente Nolasco Valencia ha puesto sus esfuerzos y conocimientos para determinar qué ha causado el socavón abierto el 29 de mayo en Puebla: una inmensa laguna surgida de la nada que ha atraído la atención de científicos y la prensa mundial. Este ingeniero de la Universidad Autónoma de Puebla se ha acercado junto a sus colegas del Centro Universitario para la Prevención de Desastres hasta el hueco gigantesco para sopesar hipótesis y poner aprueba modelos geológicos, y aunque afirma que aún hacen falta muchas investigaciones han coincidido en que una de las posibles causas está relacionada con la sobreexplotación del agua por parte de la industria y la agricultura que, como una esponja, chupa el recurso del rico Valle de Puebla, donde se ha abierto el socavón. “Es consecuencia de la actividad humana”, afirma sin duda Nolasco Valencia.",Nueva hipótesis para el socavón de Puebla: no fueron causas naturales sino la extracción excesiva de agua,https://elpais.com/mexico/2021-07-14/expertos-apuntan-a-la-extraccion-excesiva-de-agua-por-la-industria-como-causa-del-socavon-de-puebla.html

"Germán Castro Caycedo, reportero infatigable y escritor de referencia para varias generaciones de periodistas colombianos, maestro del oficio y autor de una veintena de libros de investigación traducidos a varios idiomas, ha fallecido este jueves según ha confirmado su familia. En los años 70 revolucionó la televisión nacional con su programa Enviado Especial. Su dilatada carrera lo convirtió en uno de los cronistas más leídos de su país, con títulos emblemáticos como Mi alma se la dejo al diablo, una historia que transcurre en su anhelada selva amazónica; El Karina, sobre un buque que transportaba armas para la guerrilla del M-19; o El Hueco, que aborda el éxodo de los colombianos que migran a Nueva York.","Muere el colombiano Germán Castro Caycedo, el cronista que sacó las cámaras de los estudios",https://elpais.com/cultura/2021-07-16/muere-el-colombiano-german-castro-caycedo-el-cronista-que-saco-las-camaras-de-los-estudios.html

"El Banco Santander, a través de la sociedad estadounidense Santander Holdings USA, ha comprado el bróker estadounidense independiente de renta fija Amherst Pierpont Securities por 590 millones de dólares (cerca de 500 millones de euros). Según ha informado este jueves el banco a la Comisión Nacional del Mercado de Valores (CNMV), la operación se ha realizado mediante la adquisición de la matriz del bróker, Pierpont Capital Holdings, y está previsto que se cierre en el primer trimestre de 2022 tras obtener las correspondientes aprobaciones regulatorias.",Banco Santander compra el bróker estadounidense Amherst Pierpont por 500 millones,https://elpais.com/economia/2021-07-15/banco-santander-compra-el-broker-estadounidense-amherst-pierpoint-por-500-millones.html

"La Comisión Europea lanzó este miércoles su gran apuesta legislativa contra el cambio climático. Bruselas aspira a transformar la economía comunitaria durante esta década para lograr un modelo libre de combustibles fósiles y de las emisiones que sobrecalientan el planeta. Las normas presentadas deben servir para que la Unión Europea cumpla con sus compromisos: reducir los gases de efecto invernadero en 2030 un 55% respecto a los niveles de 1990. En 2050, se tendrá que llegar a las emisiones netas cero, lo que supone el fin de los combustibles fósiles que han alimentado la economía desde la Revolución Industrial. Para ello, la Comisión fija que en 2030, el 40% de la energía que se consuma en la UE deberá ser de origen renovable (el doble que ahora). En su conjunto, se trata de una propuesta ambiciosa y bienvenida, que consolida el liderazgo global del bloque europeo en esta materia. Es un buen punto de partida para unas difíciles negociaciones entre instituciones y países que no deberían diluir la ambición.",UE: acertada ambición verde,https://elpais.com/opinion/2021-07-15/ue-acertada-ambicion-verde.html

"“En África, un anciano que muere es una biblioteca que se quema”. Es la cita que aparece, superpuesta a un árbol imponente, casi al comienzo de Fad’jal, largometraje documental de 1979 dirigido por Safi Faye. Instantes antes, unos niños en la escuela han recitado unas líneas aprendidas de memoria sobre la vida de Luis XIV, el antiguo rey del país del que han sido colonia. A simple vista se comprenden el sinsentido de ese aprendizaje memorístico sobre un hombre que a tal distancia parece un personaje imaginario y el tajo enorme que hay entre lo que se aprende en el colegio y la realidad de la comunidad en la que viven esos niños. Lo que sigue es el retrato de la vida cotidiana, el trabajo en el campo, cómo se ara, cómo se riega, cómo se apacienta a los animales y más tarde se los desuella en el matadero, cómo se tejen cestos de palma o cómo se muele el grano.",Lugares sagrados del cine africano,https://elpais.com/babelia/2021-07-14/lugares-sagrados-del-cine-africano.html

"No funcionó. Twitter ha anunciado el cierre en las próximas semanas de Fleets, una de sus últimas innovaciones, lanzada hace poco más de un año. “Eliminaremos Fleets el 3 de agosto y seguiremos trabajando en algunas cosas nuevas. Lo sentimos… o de nada”, reza el mensaje compartido con los más de 340 millones de usuarios activos de Twitter.","Twitter se despide de Fleets, su versión de ‘historias’",https://elpais.com/tecnologia/2021-07-14/twitter-se-despide-de-fleets-su-version-de-historias.html

"Lo que parecía un día normal en la redacción del diario Excélsior, terminó en tragedia. La noche del 30 de mayo de 1984, el periodista y columnista Manuel Buendía Tellezgirón (Michoacán, 1926), fue asesinado de cinco tiros en la espalda, en el cruce de las transitadas avenidas Insurgentes y Reforma, muy cerca de la célebre esquina de la información, en el centro de Ciudad de México.",Netflix busca a los asesinos del periodista mexicano Manuel Buendía casi cuarenta años después,https://elpais.com/mexico/2021-07-15/netflix-busca-a-los-asesinos-del-periodista-mexicano-manuel-buendia-en-1984.html

"Álex Román tiene 19 años y nunca se ha sentido solo hombre. Tampoco mujer. Se lo confesó a su familia con 15 años, tras una infancia llena de dudas. A su padre, Alonso Román, jamás le supuso un problema: “Mi hijo me lo contó entre lágrimas y muerto de miedo porque pensó que le trataría como un monstruo”. La madre no lo acepta y sufre. “Me pregunta por qué no puedo ser una persona normal”, cuenta el joven, cabizbajo. El progenitor asegura que no hay que darle importancia a “algo natural” y mira con orgullo a “su niño” mientras este critica que le encasillen y pide que respeten su identidad: el de una persona no binaria, de género fluido. El estudiante de Diseño explica que su orientación, homosexual, no tiene que ver con su identidad de género. Él nació con pene, pero se siente a la vez mujer y hombre. Simplemente dice que fluye entre ambos. “Las etiquetas están anticuadas y nos limitan. ¿Por qué tiene que haber cosas femeninas como los vestidos rosas y otras masculinas como el fútbol?”, pregunta con hastío.",Jóvenes no binarios y de género fluido: “Las etiquetas están anticuadas y nos limitan”,https://elpais.com/sociedad/2021-07-15/jovenes-no-binarios-y-de-genero-fluido-las-etiquetas-estan-anticuadas-y-nos-limitan.html

"En la periferia de São Paulo, donde la ciudad más rica de Brasil se pierde entre comedores asiáticos y mercadillos calcados del altiplano andino, las comunidades migrantes de coreanos y bolivianos libran una feroz batalla por el monopolio de la falsificación de ropa de marca. Como sobrevivir es matar o morir, en el taller de la familia Pacsi surge un plan. Tayson, el primogénito, el primero del clan con pasaporte brasileño, puede disimular el linaje lo suficiente como para espiar a la competencia y pasar desapercibido. El negocio repunta. Su padre pide un préstamo para comprar un coche. Tayson, al borde de la adolescencia, se convierte en el héroe del barrio. Pero el final feliz del anhelo migrante comienza a derrumbarse el día en que lo descubren.",“La idea del mestizaje es la guarida de la Bolivia que no quiere admitir su lado indígena”,https://elpais.com/cultura/2021-07-15/la-idea-del-mestizaje-es-la-guarida-de-la-bolivia-que-no-quiere-admitir-su-lado-indigena.html

"Aunque acabes con una notable empanada mental y física (en mi caso me resulta imposible encontrar una postura más o menos fija y cómoda en la butaca cuando la sesión de cine es maratoniana y tampoco logra hipnotizarme), después de asistir sin respiro a tres películas con un metraje colectivo de siete horas, no puedo quejarme excesivamente de lo que he visto. No me han provocado sensaciones muy gratas, las habré olvidado con la misma prisa que las he consumido, pero ninguna de ellas es un horror. O sea, que el que no se consuela es porque no quiere.","Festival de Cannes: cine solo aceptable de Audiard, Baker y Enyedi",https://elpais.com/cultura/2021-07-15/festival-de-cannes-cine-solo-aceptable-de-audiard-baker-y-enyedi.html

"Cuando el próximo día 23, en la ceremonia de apertura de los Juegos, la llama olímpica entre en el estadio nacional de Tokio, el primer ministro de Japón, Yoshihide Suga, estará cruzando mentalmente los dedos. Suga ha insistido contra viento y marea en que esta competición de competiciones se lleve a cabo, pese a la opinión en contra de la inmensa mayoría de los japoneses -un 86%, según las encuestas, temen una nueva ola o una nueva variante de covid durante el evento-, el personal sanitario e incluso de algunas destacadas empresas y anunciantes. Hasta el emperador Naruhito se encuentra “preocupado”, según la Casa Imperial.",Tokio 2020: unos Juegos gafados para la economía japonesa,https://elpais.com/economia/2021-07-10/tokio-2020-unos-juegos-gafados-para-la-economia-japonesa.html

"La Agenda 2030 y el cumplimiento de los Objetivos de Desarrollo Sostenible (ODS) son una de las principales banderas del Gobierno de España, que cuenta incluso con una vicepresidencia dedicada a ello. Como parte de sus compromisos, el ejecutivo presenta este jueves el informe voluntario de progreso 2021 de la Agenda 2030 y la Estrategia de Desarrollo Sostenible 2030 en el Foro de Alto Nivel sobre Desarrollo Sostenible de Naciones Unidas, donde se abordan los avances en el cumplimiento de los ODS y se establece la hoja de ruta a seguir en los próximos años.","La transformación del modelo migratorio, asignatura pendiente de España",https://elpais.com/planeta-futuro/2021-07-15/la-transformacion-del-modelo-migratorio-asignatura-pendiente-de-espana.html

"Bruselas ha decidido actuar ante la deriva homófoba de los Gobiernos ultraconservadores de Hungría y Polonia. Tras el pulso de las últimas semanas con el Ejecutivo de Viktor Orbán, la Comisión Europea ha abierto este jueves expediente a Budapest por la norma que prohíbe la difusión de contenido LGTBI en ámbitos donde haya menores, al considerar que viola la Carta de los Derechos Fundamentales de la UE en puntos como la libertad de expresión y la no discriminación. El Ejecutivo comunitario también ha abierto un procedimiento infractor a Polonia por las llamadas zonas libres de ideología LGTBI creadas en varios municipios.",Bruselas abre expediente a Polonia y Hungría por su hostigamiento a la comunidad LGTBI,https://elpais.com/internacional/2021-07-15/bruselas-abre-expediente-a-polonia-y-hungria-por-su-hostigamiento-a-la-comunidad-lgtbi.html

"Argentina ha registrado este miércoles 614 nuevas muertes por covid-19 y supera los 100.000 fallecidos desde que se inició la pandemia. El dato, difundido por el Ministerio de Salud, sitúa a Argentina entre los diez países del mundo con mayor número de decesos por millón de habitantes, lo que supone un revés para el Gobierno de Alberto Fernández en este 2021 electoral.",Argentina supera los 100.000 muertos por la covid-19,https://elpais.com/sociedad/2021-07-15/argentina-supera-los-100000-muertos-por-la-covid-19.html

"La multinacional china Tencent anunció la semana pasada que incluirá el reconocimiento facial en sus juegos para identificar cuándo se conectan los menores. Pretende así asegurarse de que se cumple el toque de queda impuesto por el Gobierno que impide a los niños jugar entre las 22.00 y las 8.00. Debates al margen acerca de si China da una vuelta de tuerca más en el control ciudadano, el movimiento de la compañía, dueña de referentes del sector como Epic Games (Fortnite) y Riot Games (League of Legends), pone sobre la mesa cuál es el grado de responsabilidad de los desarrolladores para prevenir o paliar las adicciones. En occidente las empresas apenas han ido más allá de la incorporación de mecanismos de control parental. Los expertos creen que, sin llegar a extremos distópicos, podría hacerse algo más y señalan a los padres como el mejor filtro.",El dilema de los desarrolladores de videojuegos: cómo entretener a los menores sin convertirlos en adictos,https://elpais.com/tecnologia/2021-07-15/el-dilema-de-los-desarrolladores-de-videojuegos-como-entretener-a-los-menores-sin-convertirlos-en-adictos.html

"Al menos 58 personas han muerto y varias decenas más siguen desaparecidas este jueves a consecuencia de las fuertes lluvias —las más intensas medidas en 24 horas desde que se tienen registros— que se han producido durante la noche y la madrugada en el oeste de Alemania. La tromba de agua ha provocado el desbordamiento de ríos, ha arrastrado varias casas y ha inundado sótanos, donde algunas personas atrapadas en ellos se han ahogado. Al menos 200.000 personas se han quedado sin suministro eléctrico, hay zonas sin cobertura telefónica ni internet y varias líneas ferroviarias y carreteras han quedado cortadas. Las inundaciones han afectado también a regiones de Bélgica, Luxemburgo, Países Bajos y el este de Francia.",Unas inundaciones en Alemania causan al menos 58 muertos y decenas de desaparecidos,https://elpais.com/internacional/2021-07-15/unas-inundaciones-en-alemania-causan-decenas-de-muertos-y-desaparecidos.html

El grupo PRISA comunicó este miércoles a Antonio Caño la extinción de su contrato con la compañía. Caño ejercía como asesor para la transformación digital de EL PAÍS y publicaba un artículo mensual en la sección de Opinión.,PRISA finaliza su relación con Antonio Caño,https://elpais.com/comunicacion/2021-07-14/prisa-finaliza-su-relacion-con-antonio-cano.html

"Las 49 aduanas de México serán ahora controladas por las Fuerzas Armadas. Así lo anunció el presidente Andrés Manuel López Obrador y hoy lo ha repetido durante su conferencia matutina de este jueves tras la publicación del decreto en el Diario Oficial de la Federación donde se anuncia la creación de la Agencia Nacional de Aduanas de México. De acuerdo con el documento, será un órgano administrativo desconcentrado de la Secretaría de Hacienda y Crédito Público. El cambio ya nació con polémica, porque de nuevo se deja otra área bajo control de los militares, que no dejan de acumular poder y responsabilidad.",El Ejército desplaza a Hacienda y se hace cargo de las aduanas mediante una nueva agencia nacional,https://elpais.com/mexico/2021-07-15/el-ejercito-desplaza-a-hacienda-y-se-hace-cargo-de-las-aduanas-mediante-una-nueva-agencia-nacional.html

"Caer al fondo de una grieta es una de las pesadillas recurrentes de un alpinista. Atravesar un glaciar cuya nieve fresca esconde las trampas del terreno destroza los nervios del más sereno, incluso cuando va encordado a un compañero: si uno evita que ambos sean tragados, regresar a la superficie siempre será un duro ejercicio. Pero hacerlo en solitario es un juego a cara o cruz donde la intuición y la suerte resultan determinantes. Y luego están los que se inventan una solución estrambótica, más un engaño psicológico que un beneficio empírico: en 1976, Charlie Porter, gran escalador de roca y asiduo de Yosemite, atravesó el glaciar de acceso a la ruta Cassin al Denali (o McKinley, el techo de Alaska con 6.190m) sin compañero pero atado a una barra metálica de tres metros que debería evitar que cayese en una grieta. Parecía un pertiguista enamorado de su pértiga pero sin ganas de saltar. Jon Krakauer, célebre autor del superventas Mal de altura, se fabricó una antena en forma de cruz con el listón de una cortina de ducha y la unió a su mochila… esperando que eso le evitase caer al fondo de un abismo de hielo.",La gran dama del techo de Alaska,https://elpais.com/deportes/2021-07-15/la-gran-dama-del-techo-de-alaska.html

"Cuatro personas han sido arrestadas por los ataques racistas en redes sociales dirigidos a miembros del equipo de la selección de Inglaterra después de la final de la Eurocopa del pasado domingo, según ha anunciado el jueves la policía británica. Un equipo de especialistas está investigando los comentarios ofensivos, según la policía, después de que los jugadores Marcus Rashford, Jadon Sancho y Bukayo Saka fueran objeto de ataques racistas en las redes sociales Facebook, Instagram y Twitter tras fallar los penaltis en la derrota por contra Italia en la final de la Eurocopa en el estadio de Wembley en Londres.",Cuatro detenidos por los ataques racistas en redes sociales a los jugadores de Inglaterra,https://elpais.com/deportes/eurocopa-futbol/2021-07-15/cuatro-detenidos-por-los-ataques-racistas-en-redes-sociales-a-los-jugadores-de-inglaterra.html

"El asesinato del presidente de Haití, Jovenel Moïse, el 7 de julio, dista mucho de ser la única muerte en el país que debe importar en este momento. En Haití ya nadie le dice a otra persona que tenga cuidado porque la catastrófica inseguridad ha transformado el hecho de salir de casa en una ruleta rusa.",Se debe devolver el Gobierno de Haití al pueblo,https://elpais.com/opinion/2021-07-14/se-debe-devolver-el-gobierno-de-haiti-al-pueblo.html

"No hay ningún misterio en el destape explícito por parte del canciller mexicano Marcelo Ebrard, aspirante a la presidencia en las elecciones del verano 2024, pese a los tres años casi exactos que nos separan de esa jornada. Tras las reiteradas alusiones del presidente Andrés Manuel López Obrador a lo largo de las últimas semanas sobre posibles sucesores, no le quedaba de otra al responsable de Relaciones Exteriores. Las filas del obradorismo habían interpretado gestos, cábalas y señales y concluyeron que Claudia Sheinbaum, jefa de Gobierno de la Ciudad de México, sería en su momento la preferida del soberano, y actuaron en consecuencia. En los últimos días, las apariciones en público de Sheinbaum eran festejadas a gritos de “presidenta, presidenta”. Ebrard asumió, con razón, que si eso se instalaba unilateralmente en el imaginario del obradorismo, la batalla estaría perdida antes de empezar y el resto del sexenio sería un desfile en alfombra roja para la alcaldesa. Con su destape oficial, asumido con la venia presidencial, intenta pasar el mensaje de que el asunto todavía no está decidido. Convincente o no, muchos de los actores políticos se la pensarán dos veces antes de quemar naves y endosar cheques en blanco.",El presidente que quería ser expresidente,https://elpais.com/mexico/opinion/2021-07-14/el-presidente-que-queria-ser-expresidente.html

"Cuando en 1936 los críticos Roland Penrose y Herbert Read, principales adalides del surrealismo británico, visitaron el estudio de Eileen Agar (1899-1991), en el barrio de Kensington, se llevaron cinco esculturas y tres óleos. Serían expuestos en la primera exhibición surrealista en Londres, The International Surrealist Exhibition, junto con la obra de Picasso, De Chirico, Miró, Dalí, Man Ray, André Breton, Giacometti y Max Ernst, entre otros. “Esa atención repentina me cogió por sorpresa. Un día yo era una artista que exploraba combinaciones personales de forma y contenido, y al día siguiente me anunciaban con calma ¡que era una surrealista!”, escribió en sus memorias, A Look at My Life, cinco décadas más tarde.",Eileen Agar: magia en un mundo de durmientes,https://elpais.com/babelia/2021-07-15/eileen-agar-magia-en-un-mundo-de-durmientes.html

"Nos enfrentamos a algo difícil. Estamos solos y comenzamos a prepararnos, ya sea para un examen, una nueva receta de cocina para unos invitados o para presentar el resultado de un trabajo. En la antesala no paramos de escuchar una voz silenciosa que nos acompaña sigilosamente desde que tenemos uso de memoria. Es nuestra voz interior. Nos habla de lo que sentimos, de cómo nos encontramos. Salta a experiencias del pasado, rememora lo aprendido y, por supuesto, imagina el futuro: qué dirán de la comida nuestros invitados o qué nota obtendremos en el examen.",Háblate a ti mismo como lo harías a un amigo,https://elpais.com/eps/2021-07-14/hablate-a-ti-mismo-como-lo-harias-a-un-amigo.html

"Heredar el rango social no es algo extraño en la naturaleza, desde luego no entre humanos. Y también es frecuente que la descendencia herede las relaciones sociales de sus progenitores, como sucede con elefantes africanos y macacos. Incluidas las hienas, que tienen unas estructuras sociales muy parecidas a estos monos. Un estudio publicado hoy ha analizado medio millón de interacciones entre hienas a lo largo de 27 años de observaciones científicas para llegar a esta conclusión: las crías de hiena mantienen los contactos sociales de sus madres, sobre todo las de alto rango dentro del grupo. Un fenómeno que tiene importantes implicaciones para la vida de estos animales.",Las hienas de clase alta heredan los contactos sociales para vivir más y mantener el ‘statu quo’ de la manada,https://elpais.com/ciencia/2021-07-15/las-hienas-de-clase-alta-heredan-los-contactos-sociales-para-vivir-mas-y-mantener-el-statu-quo-de-la-manada.html

"En los meses de encierro de la pandemia a principios del año pasado, mientras muchos aprendían a hacer pan en casa, un periodista de Sinaloa pasaba sus noches llamando a una cárcel privada en Carolina del Norte buscando allí a un paisano mexicano. “¿Cuál es la diferencia entre un transportista y un narcotraficante?”, le preguntó en una de esas conversaciones nocturnas el periodista, Meño Larios, a Fernando Blengio Cesaña, hombre encarcelado hace 10 años en Estados Unidos por conspirar para traficar cocaína y falsificar la matrícula de una aeronave. “El narcotraficante compra y digamos que especula con el producto, lo vende, lo distribuye”, respondió. “Y el transportista únicamente cobra, precisamente, el transporte de la sustancia de un punto a otro”.",‘Transportista’: el desahogo del aviador del narco transformado en podcast,https://elpais.com/mexico/2021-07-15/transportista-el-desahogo-del-aviador-del-narco-transformado-en-podcast.html

"Las bebidas alcohólicas pueden provocar cáncer. Es algo contrastado por la ciencia, pero no se conoce por la población de forma mayoritaria, ni los gobiernos actúan con la firmeza necesaria. Un nuevo estudio acaba de actualizar esta relación directa, tras analizar los datos de la última década: en todo el mundo, el alcohol fue responsable de unos 740.000 tumores solo en 2020. Esto supone que más del 4% de los cánceres globales se deben a la ingesta de bebidas alcohólicas y, por tanto, totalmente evitables y prevenibles.",El consumo de alcohol provocó cáncer a 100.000 bebedores moderados el año pasado,https://elpais.com/ciencia/2021-07-13/el-consumo-de-alcohol-provoco-cancer-a-100000-bebedores-moderados-el-ano-pasado.html

"El exministro de Exteriores del PP José Manuel García-Margallo recurrió el miércoles al test del pato para calificar al régimen cubano: “Si anda como un pato, nada como un pato y parpa como un pato, es un pato. Si no hay derechos humanos, ni separación de poderes, ni multipartidismo, ni libertad de prensa, es una dictadura”, subrayó en Telemadrid.",Relaciones hispano-cubanas: entre la ‘realpolitik’ y el arma arrojadiza,https://elpais.com/espana/2021-07-15/relaciones-hispano-cubanas-entre-la-realpolitik-y-el-arma-arrojadiza.html

"No se nace hombre, se llega a serlo. Esa es la máxima que parece guiar los Encuentros de Arlés, certamen de referencia dedicado a la fotografía contemporánea, cuya nueva edición refleja cómo esta disciplina ha cuestionado el modelo dominante de masculinidad, hasta dejar en evidencia que no es más que una ficción inalcanzable, fuente de neurosis eternas y de violencia patriarcal. En la Fundación Luma, a la sombra del “faro mediterráneo” que acaba de levantar Frank Gehry en los antiguos talleres del ferrocarril regional, la exposición Masculinidades examina las representaciones de la virilidad y la subversión de sus códigos tradicionales por parte de medio centenar de artistas de las últimas décadas, entre los que figuran nombres como Robert Mapplethorpe, Peter Hujar, David Wojnarowicz o Wolfgang Tillmans.",Hombres en eterna construcción,https://elpais.com/cultura/2021-07-15/el-hombre-en-eterna-construccion.html

"The Weeknd, Ed Sheeran, BTS, Demi Lovato, Metallica y decenas de artistas actuarán en el concierto Global Citizen 2021. Creado por una organización filantrópica con el mismo nombre, se celebrará el 26 de septiembre y será un especial de 24 horas que se transmitirá en vivo desde seis continentes. Estos artistas ofrecerán su directo como parte del Plan de Recuperación para el Mundo de Global Citizen, una campaña para ayudar a poner en marcha la recuperación global provocada, entre otras cosas, por la covid-19. El objetivo es concienciar y solicitar fondos de grandes donantes en apoyo de la lucha contra la pobreza, el cambio climático y la desigualdad internacional que está provocando la crisis sanitaria. Además, según el comunicado, se centrarán en apoyar “la igualdad de género, la equidad racial, los derechos LGBTIQ+ y las personas con discapacidad”.","The Weeknd, Ed Sheeran, BTS o Metallica actuarán en el enorme Global Citizen 2021",https://elpais.com/cultura/2021-07-15/the-weeknd-ed-sheeran-bts-o-metallica-actuaran-en-el-enorme-global-citizen-2021.html

"Blanca García-Orea, madrileña de 30 años, es nutricionista clínica con un máster en microbiota humana. Es además propietaria, desde hace tres años, junto a su marido, de un Centro Médico en Majadahonda (Madrid), donde residen. Esperan en breve lanzar un nuevo proyecto. Esta popular influencer fue calificada entre las mejores del año 2020, según la revista Forbes. En su red social, ofrece una gran variedad de recetas saludables para toda la familia. Ha publicado con gran éxito Dime qué comes y te diré qué bacterias tienes que posteriormente ha readaptado para el público infantil y publicado el pasado mes de junio: Sanotes, sanitos: Un cuento para comer sano, eliminar las bacterias malas y hacer cacas buenas.","García-Orea: “Hasta que padres y abuelos no entiendan qué es comer bien, los niños seguirán comiendo mal”",https://elpais.com/mamas-papas/2021-07-15/garcia-orea-hasta-que-padres-y-abuelos-no-entiendan-que-es-comer-bien-los-ninos-seguiran-comiendo-mal.html

"En los últimos seis años, grupos del crimen organizado han invadido los territorios de Los Altos, en Chiapas. Las tierras habitadas por comunidades indígenas empezaron a ser víctimas de saqueos, extorsiones, amenazas y asesinatos. El alarmante aumento de los desplazados por las balas en las últimas semanas evidencia el recrudecimiento de la violencia en una zona codiciada al sur del país para el tráfico de drogas, armas y personas. El activista Simón Pedro Pérez López fue la última víctima pública de esta lucha. Los pobladores a los que representaba denuncian que el hostigamiento continúa obligando a familias enteras a abandonar sus casas y su forma de vida. Hasta ahora, las reacciones a la presencia de los grupos armados —grupos civiles de autodefensa, despliegue de las Fuerzas Armadas, denuncias ante la Secretaría de Gobernación— han sido en vano y la tensión sigue escalando.","Los Altos de Chiapas, la nueva zona caliente de violencia en el sur de México",https://elpais.com/mexico/2021-07-15/los-altos-de-chiapas-la-nueva-zona-caliente-de-violencia-en-el-sur-de-mexico.html

"Para el periodista nicaragüense Carlos Fernando Chamorro (Managua, 65 años), el premio Ortega y Gasset a la trayectoria es un reconocimiento al periodismo independiente “a pesar de la persecución y la hostilidad” que sufre la prensa en su país. “En Nicaragua se vive este galardón como un aliento para todos los profesionales después de años de ataques brutales dirigidos a aplastar las libertades. Es un premio a la resistencia del periodismo y a su compromiso con la verdad y la libertad”, dice el director de la revista Confidencial y presentador del programa de televisión Esta semana.","Carlos Chamorro, la voz libre de Nicaragua",https://elpais.com/sociedad/2021-05-25/carlos-chamorro-la-voz-libre-de-nicaragua.html

"El Pentágono ha confirmado este jueves que parte de los soldados colombianos acusados del asesinato del presidente de Haití, Jovenel Moïse, recibieron entrenamiento militar por parte de Estados Unidos. Según informa el diario The Washington Post, tras recibir un comunicado del teniente coronel Ken Hoffman, portavoz del Ejército, el Pentágono revisó “sus bases de datos de entrenamiento” y encontró que “un pequeño número de los individuos colombianos detenidos como parte de esta investigación [el asesinato de Moïse] habían participado en programas de entrenamiento y educación militar de Estados Unidos en el pasado, mientras servían como miembros activos de las Fuerzas Militares de Colombia”.",El Pentágono confirma que entrenó a los soldados colombianos implicados en el asesinato del presidente de Haití,https://elpais.com/internacional/2021-07-15/el-pentagono-confirma-que-entreno-a-los-soldados-colombianos-implicados-en-el-asesinato-del-presidente-de-haiti.html

"Un actor puede transformarse en lo que sea, hasta en El Sol, el rey de la música latina, el ídolo güero de masas,  todo un latin lover de los noventa. Pero no es tan sencillo huir de sí mismo. Diego Boneta (Ciudad de México, 1990) fue el elegido hace cuatro años para interpretar a Luis Miguel en la serie de Netfllix sobre su vida. Se han emitido dos temporadas y la tercera y última está ya en camino. Desde el primer episodio, la sed de sus seguidoras ante la ausencia del cantante de los escenarios la ha saciado un actor que habla como él, se mueve como él, canta como él y hasta imita su separación entre los dientes. El actor mexicano vio tantos vídeos de Luis Miguel, diseccionando cada entrevista, cada concierto, cada aparición pública, que memorizó hasta el momento exacto en el que debía respirar. En esta entrevista en vídeo, revela a EL PAÍS SEMANAL cómo se preparó para el papel.",Así se convierte Diego Boneta en Luis Miguel: “Me volví loco”,https://elpais.com/videos/2021-07-13/asi-se-convierte-diego-boneta-en-luis-miguel-me-volvi-loco.html

"Sergio del Molino (Madrid, 1979) vuelve sobre sus propios pasos con el ensayo Contra la España vacía (Alfaguara), una autocontestación a su propia La España vacía, que creó el término y generó el debate a gran escala. En este ¿Qué estás leyendo?, el programa de Babelia en el que los autores prescriben libros, propone cinco lecturas.",¿Qué está leyendo Sergio del Molino?,https://elpais.com/babelia/2021-07-12/que-esta-leyendo-sergio-del-molino.html

"México ha entrado de lleno en la tercera ola de covid-19. El país ha registrado este martes 11.137 casos en un solo día, una cifra que no se alcanzaba desde el 10 de febrero de este año, cuando el país salía de su punto crítico de la pandemia. Sin embargo, debido a la vacunación, el repunte de contagios no ha impactado en las hospitalizaciones: solo están ocupadas el 26% de las camas generales y el 21% de cuidados intensivos. En comparación con los otros picos, “hay una menor proporción de aumento de personas hospitalizadas y aún más de las defunciones”, ha resaltado el subsecretario de Salud, Hugo López-Gatell. En la última jornada fallecieron 219 personas a causa de la enfermedad.",Los contagios de covid-19 en México vuelven al nivel de febrero sin el repunte de hospitalizaciones,https://elpais.com/mexico/2021-07-14/los-contagios-de-covid-19-en-mexico-vuelven-al-nivel-de-febrero-sin-el-repunte-de-hospitalizaciones.html

"La reforma eléctrica del presidente Andrés Manuel López Obrador, que da preferencia a las centrales de la paraestatal Comisión Federal de Electricidad (CFE), recibió un empujón hacia adelante el jueves, cuando un Tribunal Colegiado Especializado en Competencia Económica resolvió en contra de las suspensiones que frenaban su aplicación. Esto es un avance para la Administración Federal, la cual busca deshacer los principios de mercado abierto y competencia que se pasaron en la reforma energética del sexenio anterior. Sin embargo, no es una victoria definitiva, coinciden expertos, y puede tener el efecto de retrasar aún más la inversión privada en el sector.",La polémica reforma eléctrica de López Obrador roza la victoria en los tribunales,https://elpais.com/mexico/2021-07-15/la-polemica-reforma-electrica-de-lopez-obrador-roza-la-victoria-en-los-tribunales.html

"El condado de Los Ángeles, el más poblado en todo Estados Unidos, exigirá nuevamente la mascarilla en interiores desde la medianoche de este sábado y sin importar si han sido o no vacunados contra la covid-19. La medida ha sido anunciada la mañana de este jueves por las autoridades de la ciudad ante el imparable avance del coronavirus, especialmente la variante delta. La decisión se había anunciado a forma de sugerencia hace dos semanas pero se hace obligatoria ahora, después de seis días en los que se han reportado diariamente más de 1.000 casos nuevos de infecciones, algo que no había sucedido desde marzo. “Es un momento para que todos nos pongamos manos a la obra. Tenemos importantes niveles de transmisión comunitaria”, ha dicho Muntu Davis, el médico encargado de la gestión en la urbe de 10 millones de habitantes.",Los Ángeles decreta nuevamente la mascarilla obligatoria ante el aumento de los contagios,https://elpais.com/sociedad/2021-07-16/los-angeles-decreta-nuevamente-la-mascarilla-obligatoria-ante-el-aumento-de-los-contagios.html

"Nota a los lectores: EL PAÍS ofrece en abierto todo el contenido de la sección Planeta Futuro por su aportación informativa diaria y global sobre la Agenda 2030. Si quieres apoyar nuestro periodismo, suscríbete aquí.",Un equipo internacional mejora el tratamiento de la tuberculosis más resistente y mortal,https://elpais.com/planeta-futuro/2021-07-15/hallan-una-cura-mejorada-para-la-tuberculosis-mas-resistente-y-mortal.html

"Con el desarrollo de nuevas tecnologías y el constante cruce de distintas disciplinas y formas de adquirir conocimiento, las ofertas educativas en el ámbito universitario han tenido que elevar con creces su dinamismo, calidad y respuesta a los nuevos desafíos que hoy plantea un mundo laboral mucho más interconectado a niveles internacionales, en donde el grado de exigencia y la especialización profesional es mayor.",Una universidad para el presente; una preparación para toda la vida,https://elpais.com/sociedad/2021-06-30/una-universidad-para-el-presente-una-preparacion-para-toda-la-vida.html

"La Administración estadounidense está evaluando si tiene la capacidad tecnológica para restablecer la conexión a internet en Cuba, que el régimen ha cortado tras las movilizaciones del pasado domingo, según afirmó este jueves el presidente, Joe Biden, durante una rueda de prensa en la Casa Blanca con motivo de la visita de la canciller alemana, Angela Merkel.",EE UU evalúa si tiene “capacidad tecnológica” para restablecer el internet bloqueado por el Gobierno cubano,https://elpais.com/internacional/2021-07-15/biden-recibe-a-merkel-con-la-mirada-puesta-en-china-y-rusia.html

"Anteayer, entre prisa y prisa, entré en Twitter para ver de qué se hablaba y me llevé tal sopapo que aún ando sonada. Entre la montaña de basura onanista, el alud de fotos de recién vacunados y la trifulca entre partidarios y detractores de cualquier causa, una chica se despedía del mundo en un tuit que había programado antes de quitarse la vida para dejar de sufrirla. No era un farol ni, ojalá, un fake de los que suelo tragarme doblados. La joven había logrado su objetivo y sus seguidores se debatían entre el horror de constatar sus peores presagios y la impotencia de no haber podido evitarlos.","SOS, Twitter",https://elpais.com/opinion/2021-07-15/sos-twitter.html

"No es fácil sobrevivir a un primer libro como Viento que arrasa, pero si alguien podía conseguirlo es Selva Almada (Villa Elisa, Argentina, 48 años). Tercera pata de una trilogía que no era tal: hablar conciso, gestualidad contenida, una mirada al laberinto ciego de la violencia masculina articulada contra la naturaleza, la mujer, la impotencia y la falta de palabras. Su estilo es una caricia con manos ásperas, en esta ocasión para explicar el regreso de Enero Rey y Negro con el hijo de un amigo muerto, Tilo, al lugar del río donde este se ahogó. Pescar, emborracharse, pira nihilista.",82 libros para el verano,https://elpais.com/babelia/2021-07-10/82-libros-de-verano.html

"“Tenemos que salir de aquí... no puedo ver nada, todo es humo”, decía una voz desesperada, que trataba de saber qué es lo que había ocurrido. Eran los primeros minutos del 24 de junio. Las llamadas al servicio de emergencia del 911 comenzaban a llegar. Del otro lado había víctimas y testigos del colapso del edificio residencial Surfside en el 877 de la avenida Collins, en Miami, Florida. “¡Es un terremoto, es un terremoto!”, gritaba una mujer mientras su hijo le pedía que se tranquilizara en una de las llamadas que se hicieron esa madrugada y que han sido publicadas por las autoridades este miércoles. El derrumbe de la torre ha dejado hasta el momento 96 víctimas mortales.",“Tenemos que salir de aquí... no puedo ver nada”. Las llamadas al 911 tras el derrumbe en Miami,https://elpais.com/internacional/2021-07-15/las-llamadas-al-911-despues-del-derrumbe-en-miami-tenemos-que-salir-de-aqui-todo-es-humo.html

"Lionel Messi, de 34 años, continuará su carrera en el FC Barcelona. El padre y representante del futbolista, Jorge, alcanzó este lunes un principio de acuerdo con el presidente, Joan Laporta, para que su hijo renueve por cinco temporadas. El 10, que cobraba aproximadamente 138 millones de euros anuales entre fijos y variables, aceptó una rebaja salarial de cerca del 50%. Fuentes de la negociación y de la entidad azulgrana le confirman a este periódico que el deseo de ambas partes es hacer oficial la renovación cuando se hayan limado todos los detalles de la letra pequeña del último gran contrato del 10.",La renovación de Messi no resuelve todos los problemas del Barça,https://elpais.com/deportes/2021-07-15/la-renovacion-de-messi-no-resuelve-todos-los-problemas-del-barca.html

"Ni unos Juegos Olímpicos sin su drama de indumentaria. “Chaquetas vaqueras. Ojalá estuviera de broma”, trinaba un usuario de Twitter el pasado abril. Incluso Dave Itzkoff, crítico cultural de The New York Times, entraba al trapo de la polémica, salpicando de paso con sarcasmo al último hito de Canadá, el apacible país del lacrosse: “Estos son los pandilleros que van a por ti si dices que has intentado ver la serie Schitt’s Creek pero no la pillas”. El crimen de lesa moda en Tokio 2020 lo va a cometer, en efecto, Canadá. Y sí, será en forma de cazadora tejana. En este caso, blasonada de parches y grafitis de calado juvenil. Exactamente la idea de prenda moderna y molona que podría tener un boomer, que diría un centennial. “La capital japonesa es famosa por su estilo y expresión artística de aire urbano. Y así es como hemos querido rendirle tributo”, se excusan desde Hudson’s Bay, la marca que viene uniformando a la delegación canadiense desde Pekín 2008.",Vestir el espíritu olímpico,https://elpais.com/eps/2021-07-15/vestir-el-espiritu-olimpico.html

"Una unidad policial asalta sorpresivamente una casa en un apacible barrio de la capital estadounidense. El jefe de la unidad captura a Howard Marks mientras le dice: “Por mandato de la unidad de pre-crimen del distrito de Columbia está usted arrestado por el futuro asesinato de Sara Marks y Donald Dubin”. Es el año 2054 y esta es la primera escena de la película de ciencia ficción Sentencia Previa de Steven Spielberg. Presenta el sistema de seguridad más eficaz del mundo, basado en actuar antes de que un crimen ocurra. Existe un viejo debate sobre por qué el régimen cubano ha sobrevivido en condiciones extremas ¿Por qué en Cuba no ocurrían protestas masivas a pesar del total fracaso económico, mientras sí las hay en Chile con una economía exitosa?; ¿por qué en Cuba el hambre y la escasez sistémica no generaba descontento y Gobiernos democráticos pierden el poder con un pequeño aumento de la inflación? Luego de 62 años, decir que los cubanos aman la revolución es comida para tontos.","Cuba, reformar o matar es el dilema",https://elpais.com/opinion/2021-07-15/cuba-reformar-o-matar-es-el-dilema.html

"Ubicado en la calle de Tacuba, número 17 esquina con Simón Bolívar, en el Centro Histórico de la Ciudad de México, se encuentra uno de los tantos palacios pertenecientes el estilo barroco novohispánico de mediados del Siglo XVIII, el cual por muchos años fue el Antiguo Convento y hospital de los Betlemitas, orden eclesiástica que se dedicaba principalmente a asistir y ayudar a los más necesitados.","MIDE, 15 años contando lo que cuenta",https://elpais.com/sociedad/2021-07-13/mide-15-anos-contando-lo-que-cuenta.html

"Las noticias siguen confirmando los malos augurios. A tan solo ocho días de que se escuche el pistoletazo de salida de los Juegos Olímpicos Tokio 2020, la capital nipona registra este jueves 1.308 nuevos casos de covid-19, la cifra más alta en seis meses. El repunte de infecciones obligó la semana pasada al Gobierno japonés a decretar el cuarto estado de emergencia en la urbe en lo que va de pandemia y al comité organizador a anunciar que la ya pospuesta cita estival se celebrará sin público en las instalaciones de competición.","Tokio registra su mayor número de contagios de covid diarios en seis meses, a ocho días de los Juegos Olímpicos",https://elpais.com/deportes/juegos-olimpicos/2021-07-15/tokio-registra-su-mayor-numero-de-contagios-de-covid-diarios-en-seis-meses-a-ocho-dias-de-los-juegos-olimpicos.html

"América Latina es una región que está envejeciendo. Se estima que para 2050, los mayores de 65 años serán el doble y habrá menos personas en edad de trabajar, como resultado de un aumento lento pero sostenido de la esperanza de vida y una caída de la tasa de fecundidad.",Cómo envejecer bien en Latinoamérica,https://elpais.com/america/economia/termometro-social-de-america/2021-07-15/como-envejecer-bien-en-latinoamerica.html

"Tadej Pogacar es Judy Garland, o así, que vive en su Oz. “Mi vida es un sueño más allá del sueño, este es mi mundo, solo mi mundo”, canta (elijan la música), y al final de la película sigue febril, y sueña sin despertarse. Y sigue hablando, y dice, calderoniano, que la vida es un juego, que es un niño, y le divierte vivirla, y a su rueda, sufriendo su falta de piedad, la seriedad con la que se toma el juego, que esto es el Tour de Francia, recuerda a sus jefes cuando le plantean la estrategia y le dicen que mire los vatios y ataque, que esto es el Tour, les repite, y no una playstation, pero ataca, de todas maneras, y gana, otra vez. Él delante, el señor del Tour. Todos detrás.","La vida es juego para Pogacar, pero en el Tour de Francia no tiene piedad",https://elpais.com/deportes/2021-07-15/pogacar-se-lleva-su-segunda-etapa-seguida-del-tour-de-francia-para-consolidar-el-maillot-amarillo.html

"“Nos interesa América porque nos consideramos un periódico americano”, expresa rotundo el director de EL PAÍS América, Jan Martínez Ahrens. “El periódico tiene la nacionalidad de sus lectores”. Mas allá de la clásica información de corresponsal, EL PAÍS intenta estar “en el nervio central de la actualidad” y de las sociedades.",Jan Martínez Ahrens: “El periódico tiene la nacionalidad de sus lectores”,https://elpais.com/mexico/2021-03-05/jan-martinez-ahrens-nos-interesa-america-porque-nos-consideramos-un-periodico-americano.html

"Con un 40% de la población española ya completamente vacunada y otro importante porcentaje inoculado a medias, una cosa ha ido quedando clara: el día del pinchazo es mucho más que un trámite médico. En las redes, muchos se fotografían en el trance. A la autofoto con el brazo en ristre se le llama vaxxie, de “selfi” y “vacuna” en inglés, y compartirlo parece casi obligatorio, aplicándole casi siempre otra capa de simbolismo a ese momento.","‘Vaxxie’, el selfi de tu vacunación: dime cómo te vacunas y te diré quién eres",https://elpais.com/ideas/2021-07-11/vaxxie-el-selfi-de-tu-vacunacion-dime-como-te-vacunas-y-te-dire-quien-eres.html

"El Gobierno de Israel se ha negado a extraditar a Tomás Zerón, antiguo jefe de la investigación del caso Ayotzinapa, y quien ha sido acusado en varios procesos de tortura y desfalco. Zerón, prófugo de la justicia mexicana, se ha refugiado en Israel, donde ha pedido asilo. Aunque el Ejecutivo de Andrés Manuel López Obrador ha solicitado formalmente la extradición del exfuncionario, el Gobierno israelí ha decidido alargar el proceso, como respuesta a la posición de México en Naciones Unidas, que ha apoyado las investigaciones sobre denuncias de crímenes de guerra contra los palestinos, según ha informado este jueves The New York Times, que cita a un alto funcionario israelí.",Israel se niega a extraditar a Tomás Zerón,https://elpais.com/mexico/2021-07-15/israel-se-niega-a-extraditar-a-tomas-zeron.html

"Un muy esperado informe publicado este miércoles ha dado un duro golpe a la reputación del Buró Federal de Investigaciones, el FBI. La oficina del inspector general del Departamento de Justicia (OIG) ha señalado las muchas deficiencias que los agentes cometieron en la investigación de los abusos sexuales cometidos por Larry Nassar, el médico del equipo de gimnasia de Estados Unidos. Aunque Nassar se encuentra hoy en prisión cumpliendo una cadena perpetua, los autores del informe consideran que las graves fallas de los agentes adscritos a la oficina de Indianápolis (Indiana) permitieron que el depredador de más de 330 mujeres siguiera actuando. “El FBI no condujo ninguna actividad en la investigación por más de ocho meses siguiendo una entrevista en septiembre de 2015 [a una de las atletas que denunciaron]. Durante ese periodo, como se ha afirmado a detalle en muchas demandas civiles, los abusos sexuales de Nassar continuaron”, señala el documento en una de sus demoledoras conclusiones.",Un informe revela que la desastrosa investigación del FBI permitió a Larry Nassar abusar de más atletas,https://elpais.com/deportes/2021-07-15/un-informe-revela-que-la-desastrosa-investigacion-del-fbi-permitio-a-larry-nassar-abusar-de-mas-atletas.html

"Cuba vuelve poco a poco a la normalidad tras la conmoción política provocada por las protestas del pasado domingo en La Habana y varias ciudades del país. El control de las calles por la policía y grupos afines al Gobierno continúa, y es apabullante, pero la vida vuelve a ser lo que era, con la gente haciendo colas en las tiendas para adquirir productos de primera necesidad, desabastecimiento en los comercios y apagones programados en diversas localidades. Los cortes de electricidad se han ido reduciendo, mientras que la epidemia de coronavirus está alcanzando su pico de contagios y fallecimientos —este jueves se batió un nuevo récord de decesos, 67 en un solo día, y 6.479 casos positivos—.",Cuba quita los aranceles a alimentos y medicinas después de las protestas,https://elpais.com/internacional/2021-07-15/cuba-suspende-los-aranceles-a-los-alimentos-y-medicinas-que-los-viajeros-llevan-a-la-isla.html

"Hanna Jaff había puesto ya un pie en la casa real británica. Tras conocer a Henry Roper-Curzon, heredero del barón de Teynham y Pylewell Park y casarse en una boda de ensueño, la empresaria y filántropa se había convertido en un referente para la alta sociedad mexicana. Ella se mudó a Inglaterra y su enlace con el futuro Lord del pasado febrero de 2020 parecía ir como la seda. Sin embargo, en las revistas del corazón el matrimonio ha dejado ver lo rotos que están los suyos. La crisis personal que ha derivado en una disputa económica por las deudas de la familia Roper-Curzon y el sospechoso linaje de Jaff. El cuento de hadas se desvanece entre acusaciones de mentira sobre dinero, abolengo, incluso el nivel académico de sus protagonistas.",El escándalo Jaff y Roper-Curzon: el divorcio real de México y Gran Bretaña entre acusaciones de estafa y mentiras,https://elpais.com/mexico/2021-07-15/el-escandalo-jaff-y-roper-curzon-el-divorcio-real-de-mexico-y-gran-bretana-entre-acusaciones-de-estafa-y-mentiras.html

"La pobreza y la desigualdad iban poco a poco corrigiéndose en España tras la Gran Recesión que estalló en 2008. Sin embargo, la pandemia y sus secuelas económicas por las fuertes restricciones que se han impuesto para combatirla han significado un fuerte revés. La pobreza grave o carencia material grave aumentó en 2020 hasta el 7% de la población, unos 3,3 millones de personas según la Encuesta de Condiciones de Vida publicada este jueves por el Instituto Nacional de Estadística. La cifra es muy superior al 4,7% registrado en 2019 y se sitúa muy ligeramente por debajo del máximo del 7,1% que se alcanzó en 2014, en el peor momento de la crisis financiera. Mecanismos públicos como los ERTE y las ayudas familiares han supuesto un importante colchón que han evitado que estos números sean peores dada la brutal paralización que hubo de la actividad.",La pandemia elevó la pobreza en 2020 al mayor nivel desde la Gran Recesión,https://elpais.com/economia/2021-07-15/la-pandemia-elevo-la-pobreza-en-2020-al-mayor-nivel-desde-la-gran-recesion.html

"Nota a los lectores: EL PAÍS ofrece en abierto la sección Planeta Futuro por su aportación informativa diaria y global sobre la Agenda 2030. Si quieres apoyar nuestro periodismo, suscríbete aquí.",La enfermedad que desfigura el rostro de un niño en 15 días,https://elpais.com/planeta-futuro/2021-07-13/la-enfermedad-que-desfigura-el-rostro-de-un-nino-en-15-dias.html

"La vacunación está avanzando bien en el Perú: casi 10 millones de dosis han sido ya suministradas y los planes para las próximas semanas son esperanzadores. Las hospitalizaciones llevan ocho semanas en descenso, igual que los fallecidos por la covid-19 y los nuevos casos. El país no vive la misma situación de hace unos meses, hay un respiro. Las personas han vuelto a los restaurantes, a hacer deporte con sus amigos, a jugar en el casino o marchar en contra o a favor de diferentes causas. Todos menos los niños, quienes continúan por más de año y medio con las escuelas cerradas.","Casinos abiertos, escuelas cerradas",https://elpais.com/planeta-futuro/2021-07-14/casinos-abiertos-escuelas-cerradas.html

"La máxima instancia del tribunal electoral peruano denegó 270 pedidos del fujimorismo de anular votos de Pedro Castillo, el candidato que ganó en las urnas por más de 44.000 sufragios en el balotaje del 6 de junio. Desde el lunes de esta semana, solo restaban procedimientos administrativos para la proclamación del maestro rural como presidente electo, pero los abogados de Keiko Fujimori anunciaron la noche del martes que volverán a presentar recursos. Mientras tanto, Castillo teje alianzas que le permitan una base para gobernar, dado que su competidora no reconocerá los resultados y lo califica de “presidente ilegítimo”.",Pedro Castillo teje una red de apoyos para gobernar Perú en un escenario adverso,https://elpais.com/internacional/2021-07-15/pedro-castillo-teje-una-red-de-apoyos-para-gobernar-peru-en-un-escenario-adverso.html

"La justicia transicional en Colombia ha pisado el acelerador. La Jurisdicción Especial para la Paz (JEP), encargada de juzgar los hechos más graves ocurridos en el marco del conflicto armado, ha imputado este jueves crímenes de guerra y de lesa humanidad a otros 15 militares por 127 asesinatos en la costa Caribe como parte del proceso por los ‘falsos positivos’, el eufemismo con el que se conocen en el país los asesinatos de civiles por parte de uniformados para presentarlos como guerrilleros caídos en combate. Es uno de los casos más emblemáticos del tribunal de paz.",El tribunal de paz de Colombia imputa a otros 15 militares por 127 asesinatos de civiles presentados como ‘falsos positivos’,https://elpais.com/internacional/2021-07-15/el-tribunal-de-paz-de-colombia-imputa-a-otros-15-militares-por-127-asesinatos-de-civiles-presentados-como-falsos-positivos.html

"Los implicados en México en la trama de corrupción de Odebrecht no solo han logrado esquivar las acusaciones por la vía penal, sino que también han conseguido evadir el pago de las sanciones administrativas. La Secretaría de la Función Pública (SFP) ha impuesto multas por 9.814 millones de pesos a los contratistas y exfuncionarios de Petróleos Mexicanos (Pemex) vinculados a la red de sobornos de la constructora brasileña, así como a los señalados en la compra fraudulenta de las empresas de fertilizantes Agronitrogenados y Fertinal, pero ninguna ha sido saldada. La mayor parte de los castigos, que también incluyen inhabilitaciones, se impusieron en este Gobierno bajo el mando de la depuesta secretaria de la Función Pública Irma Eréndira Sandoval. La mayoría de las sanciones se encuentran envueltas en litigios en tribunales, pero hay algunas que ya agotaron el proceso legal y el Servicio de Administración Tributaria (SAT) no ha concretado el cobro de los adeudos, según documentos obtenidos por EL PAÍS a través de diversas solicitudes de información.",Los implicados en México en la trama de corrupción de Odebrecht esquivan las multas,https://elpais.com/mexico/2021-07-15/los-implicados-en-mexico-en-la-trama-de-corrupcion-de-odebrecht-esquivan-las-multas.html

"Lambda ya es “variante de interés” para la Organización Mundial de la Salud. Esta clasificación es equivalente a poner el linaje originado probablemente en Perú bajo vigilancia cauta pero atenta: indica que, según la evidencia disponible, C.37 ha demostrado potencial para ser más peligrosa entre los humanos en al menos una de las dimensiones que preocupan sobre el virus (principalmente, su capacidad de contagio o de evadir inmunidad adquirida). Si lo será finalmente, y en qué medida, está por confirmar. Pero los indicios recogidos en el área andina (Perú, pero también Chile o Argentina) no son esperanzadores.",Variante lambda de la covid-19: qué se sabe de su origen en América del Sur y su capacidad de transmisión,https://elpais.com/sociedad/2021-07-11/variante-lambda-de-la-covid-19-que-se-sabe-de-su-origen-en-america-del-sur-y-su-capacidad-de-transmision.html

"Por primera vez en 13 años, Britney Spears ha conseguido un pequeño logro personal en la gestión de su custodia, que manejan tanto su padre como la administradora Jodi Montgomery. En una nueva vista de su caso celebrado la noche del miércoles en Los Ángeles, California, la artista de 39 años ha conseguido que le dejen elegir a su propio abogado, tras la renuncia del anterior hace apenas una semana. Así ha conseguido poner fin a lo que ella considera “un abuso”.","Britney Spears logra su primer triunfo legal: elige a su propio abogado, que quiere destituir a su padre",https://elpais.com/gente/2021-07-15/britney-spears-logra-su-primer-triunfo-legal-elige-a-su-propio-abogado-que-quiere-destituir-a-su-padre.html

"El mandatario venezolano, Nicolás Maduro, informó en la madrugada del jueves (hora peninsular española) de que su Gobierno pedirá formalmente a España la extradición del líder opositor Leopoldo López, uno de los dirigentes clave de la oposición venezolana, exiliado en Madrid desde que huyó del país en 2020 y miembro del equipo que participa en las negociaciones con el chavismo. El líder bolivariano justificó su petición, la segunda en dos meses, afirmando que López es un delincuente involucrado en actos ilegales. “El Gobierno de España no puede ser cómplice del terrorismo y la violencia contra el pueblo venezolano”, aseguró.",Maduro vuelve a pedir a España la extradición de Leopoldo López,https://elpais.com/internacional/2021-07-15/maduro-vuelve-a-pedir-a-espana-la-extradicion-de-leopoldo-lopez.html

"Han pasado ya 60 años desde que Viridiana, de Luis Buñuel, ganara la Palma de Oro (compartida con la francesa Una larga ausencia) del festival de Cannes. Es el único largometraje en español que ha logrado el galardón, y lo hizo con bandera mexicana: la mayor parte de la financiación la puso el productor Gustavo Alatriste, marido de la protagonista, Silvia Pinal; una pequeña parte procedió de Laponia Films, una empresa montada por Elías Querejeta con excompañeros de sus tiempos como futbolista en la Real Sociedad, y otra la desembolsó Pere Portabella. Desde entonces, el cine español solo alcanzó en 2016 una relevancia parecida con la Palma de Oro a mejor cortometraje para Juanjo Giménez por Timecode. Y en esta edición no habrá cambios: en la sección oficial no hay ni una película en español (en el jurado solo hay un latino, el cineasta brasileño Kleber Mendonça Filho), tampoco en Cannes Première, y hay que mirar otros apartados del certamen para encontrar cine en español.","Sesenta años después de ‘Viridiana’, Cannes aún habla poco español",https://elpais.com/cultura/2021-07-15/sesenta-anos-despues-de-viridiana-cannes-aun-habla-poco-espanol.html

"La Audiencia de Barcelona ha propinado un revés sin precedentes a un juez de instrucción y a una fiscal por las irregularidades que cometieron en la investigación de un caso de presunto desvío de fondos públicos al procés. En una resolución a la que ha accedido EL PAÍS, los magistrados archivan la causa abierta contra la Asociación Catalana de Municipios (ACM), un ente municipalista que estaba siendo investigado por malversación. El tribunal concluye, con una contundencia poco habitual, que juez y fiscal vulneraron los derechos fundamentales de los nueve investigados.",Un juez y una fiscal vulneraron derechos al investigar un caso de desvío de fondos al ‘procés’,https://elpais.com/espana/catalunya/2021-07-15/un-juez-y-una-fiscal-vulneraron-derechos-al-investigar-un-caso-de-desvio-de-fondos-al-proces.html

"Con un adiós a los pañuelos con los que cubría la cabeza en muchas de sus apariciones públicas y junto a su hija. Así le ha dado la bienvenida a su nueva imagen Jada Pinkett Smith, que este lunes publicó una fotografía en su cuenta de Instagram con la cabeza completamente rapada. “Willow [su hija] me ha hecho hacerlo porque era hora de dejarlo ir, pero mis 50 están a punto de ser divinamente iluminados con esta cubierta”, ha escrito la actriz sobre el hecho de haberse despojado de su cabello. Una imagen que ha sido comentada por su hija pequeña. “Estás divina”, le ha contestado Willow Smith. En realidad, fue Willow la primera en compartir la imagen, después reutilizada por su madre, con un mensaje que reflejaba la unión entre ambas: “Un regalo es puro cuando se da de corazón a la persona adecuada en el momento y lugar adecuados, y cuando no esperamos nada a cambio”.",Jada Pinkett y su nueva imagen con la cabeza rapada: “Era hora de dejarlo ir”,https://elpais.com/gente/2021-07-15/jada-pinkett-y-su-nueva-imagen-con-la-cabeza-rapada-era-hora-de-dejarlo-ir.html

"El puerto natural de Mahón tiene cuatro islas. En una de ellas desembarcó Alfonso III de Aragón en su conquista de Menorca en el siglo XIII, por lo que recibió el nombre de la Isla del Rey. Los ingleses levantaron allí un hospital militar en el siglo XVIII que posteriormente cayó en el olvido hasta que hace década y media un grupo de menorquines voluntarios llamó la atención sobre su abandono y empezó a regenerar la isla. Los galeristas suizos Manuela e Iwan Wirth se fijaron en ella y hoy este enclave privilegiado se ha reconvertido en un refugio del arte contemporáneo que se abre al público a partir del próximo lunes con la impactante obra abstracta del afroamericano Mark Bradford como su primera bandera.",La Isla del Rey de Mahón se abre al público como refugio sostenible del arte contemporáneo,https://elpais.com/cultura/2021-07-15/la-isla-del-rey-de-mahon-se-abre-al-publico-como-refugio-sostenible-del-arte-contemporaneo.html

"El artista francés Christian Boltanski, que este miércoles ha muerto a los 76 años en París, veía su actividad como un combate contra el olvido y la desaparición. Sus padres —un médico nacido en Ucrania y convertido al catolicismo, y una escritora católica de Córcega— le concibieron durante la ocupación nazi mientras el progenitor vivía escondido en el subsuelo del apartamento familiar, y la madre simulaba ante las autoridades que estaban separados y su marido había huido de la capital. Creció escuchando en la posguerra las historias del Holocausto que contaban los adultos que le rodearon, muchos de ellos supervivientes, y en una familia que durante años vivió en una sensación de peligro constante. Fue un niño que nunca llegó a adaptarse a la escuela y que algunos daban por perdido. Encontró en la pintura primero, y en las imágenes e instalaciones después, un modo de canalizar su “trauma original”, como decía él mismo, una salvación, hasta convertirse en uno de los mayores artistas contemporáneos en Francia.","Muere a los 76 años Christian Boltanski, artista de la memoria y el olvido",https://elpais.com/cultura/2021-07-14/muere-a-los-76-anos-christian-boltanski-artista-de-la-memoria-y-el-olvido.html

"La población española se divide en dos mitades entre los que piensan que los jóvenes han sido más irresponsables que el resto de la población durante la pandemia y los que no comparten esta opinión o no lo tienen claro. Un 50,3% está muy o bastante de acuerdo en que este grupo de edad ha tomado menos medidas de prevención durante la crisis sanitaria. Un 47,1% está poco o nada de acuerdo y un 2,5% no sabe o no contesta. Esta es una de las conclusiones que se desprenden del estudio Infancia y juventud ante la pandemia de la covid-19, elaborado por el Centro de Investigaciones Sociológicas (CIS) y publicado este jueves.",La mitad de los españoles cree que los jóvenes han sido menos responsables que el resto durante la pandemia,https://elpais.com/sociedad/2021-07-15/la-mitad-de-los-espanoles-cree-que-los-jovenes-han-sido-menos-responsables-que-el-resto-durante-la-pandemia.html

"Un inductor que no da la medida, una guardia presidencial que sobrevive sin un rasguño al ataque de casi 30 hombres armados, sicarios colombianos que publican en las redes sociales fotos de turismo días antes del operativo o presuntos vínculos con la oposición venezolana. Las inconsistencias superan con amplitud a las certezas en la investigación por la muerte del presidente de Haití, Jovenel Moïse, torturado y asesinado en su casa de Puerto Príncipe el pasado 7 de julio. Estas son algunas de las preguntas sin respuesta.","La investigación lastrada por las inconsistencias en Haití: guardias ausentes, sicarios de turismo y un improbable inductor del crimen",https://elpais.com/internacional/2021-07-13/la-investigacion-lastrada-por-las-inconsistencias-en-haiti-guardias-ausentes-sicarios-de-turismo-y-un-improbable-autor-intelectual.html

"Una patrulla volcada en mitad de la calle, dos jóvenes negros encima. Parecen gritar algo que llevan susurrando toda la vida. La garganta convierte al individuo en ciudadano, es el lugar en que confluyen la idea y el cuerpo, el músculo sonoro. La palabra de la protesta explota en la garganta, no llega a la boca ni a la lengua y convierte a la eufonía en la principal categoría ideológica del discurso cívico.",Protestas en Cuba: las cosas por su nombre,https://elpais.com/opinion/2021-07-13/protestas-en-cuba-las-cosas-por-su-nombre.html

"Negocios, ingenierías, ciencias de la salud, ciencias sociales, humanidades, además de las áreas enfocadas al servicio de turismo, gastronomía y hotelería hoy se encuentran en una encrucijada de reformulación y actualización desde el ámbito universitario, ante los embates del mundo contemporáneo, en tanto los profesionistas en ciernes buscan una oferta educativa que se adapte a sus necesidades, desde programas de excelencia que les ayuden a delinear de forma mucho más certera su futuro laboral.",Lo que define el futuro profesional,https://elpais.com/sociedad/2021-06-30/lo-que-define-el-futuro-profesional.html

"El primer ministro designado del Líbano, Saad Hariri, ha renunciado este jueves al encargo de formar Gobierno tras ocho meses de intentos fallidos y después de que su última propuesta no fuera aceptada por el presidente del país, Michel Aoun, según ha anunciado en un discurso difundido en sus redes sociales. Su renuncia agudiza la profunda crisis política y el colapso económico que lastran desde hace cerca de un año al país árabe, que se precipita ahora hacia un futuro todavía más incierto.",Hariri renuncia a formar Gobierno en Líbano y agudiza la crisis política y económica,https://elpais.com/internacional/2021-07-15/hariri-renuncia-a-formar-gobierno-en-libano-y-agudiza-la-crisis-politica-y-economica.html

